timestamp(ms),RawGyA,SmRrCA,CrntGyASlow,SmGyA,FlGyA,StprPos,mGyA,RawGA,RwGyA,SmRCA,SmyA,awGyA,SmRrC,
"1666701847,452","1,73",,,,,,,,,,,,,
"1666701847,462","1,73",,,,,,,,,,,,,
"1666701847,472","1,73",,,,,,,,,,,,,
"1666701847,482","1,73",,,,,,,,,,,,,
"1666701847,491","1,73",,,,,,,,,,,,,
"1666701847,494",,,"1,73","1,73",,,,,,,,,,
"1666701847,497",,,,,"1,58",,,,,,,,,
"1666701847,502","1,74",,,,,,,,,,,,,
"1666701847,512","1,74",,,,,,,,,,,,,
"1666701847,522","1,73",,,,,,,,,,,,,
"1666701847,532","1,73",,,,,,,,,,,,,
"1666701847,542","1,73",,,,,,,,,,,,,
"1666701847,551","1,73",,,,,,,,,,,,,
"1666701847,554",,,"1,73","1,73",,,,,,,,,,
"1666701847,557",,,,,"1,58",,,,,,,,,
"1666701847,563","1,73",,,,,,,,,,,,,
"1666701847,572","1,73",,,,,,,,,,,,,
"1666701847,583","1,73",,,,,,,,,,,,,
"1666701847,592","1,73",,,,,,,,,,,,,
"1666701847,602","1,73",,,,,,,,,,,,,
"1666701847,611","1,73",,,,,,,,,,,,,
"1666701847,614",,,"1,73","1,73",,,,,,,,,,
"1666701847,617",,,,,"1,59",,,,,,,,,
"1666701847,622","1,73",,,,,,,,,,,,,
"1666701847,632","1,73",,,,,,,,,,,,,
"1666701847,642","1,73",,,,,,,,,,,,,
"1666701847,652","1,73",,,,,,,,,,,,,
"1666701847,662","1,73",,,,,,,,,,,,,
"1666701847,671","1,73",,,,,,,,,,,,,
"1666701847,674",,,"1,73","1,73",,,,,,,,,,
"1666701847,677",,,,,"1,59",,,,,,,,,
"1666701847,686",,,,,,"4,55",,,,,,,,
"1666701847,694","1,73",,,,,,,,,,,,,
"1666701847,697","1,73",,,,,,,,,,,,,
"1666701847,712","1,73",,,,,,,,,,,,,
"1666701847,722","1,73",,,,,,,,,,,,,
"1666701847,732","1,73",,,,,,,,,,,,,
"1666701847,741","1,73",,,,,,,,,,,,,
"1666701847,744",,,"1,73","1,73",,,,,,,,,,
"1666701847,747",,,,,"1,6",,,,,,,,,
"1666701847,752","1,73",,,,,,,,,,,,,
"1666701847,762","1,73",,,,,,,,,,,,,
"1666701847,772","1,73",,,,,,,,,,,,,
"1666701847,782","1,73",,,,,,,,,,,,,
"1666701847,792","1,74",,,,,,,,,,,,,
"1666701847,801","1,74",,,,,,,,,,,,,
"1666701847,804",,,"1,74",,,,"1,73",,,,,,,
"1666701847,807",,,,,"1,6",,,,,,,,,
"1666701847,812","1,74",,,,,,,,,,,,,
"1666701847,822",,,,,,,,"1,74",,,,,,
"1666701847,832","1,74",,,,,,,,,,,,,
"1666701847,842","1,73",,,,,,,,,,,,,
"1666701847,852","1,73",,,,,,,,,,,,,
"1666701847,861","1,73",,,,,,,,,,,,,
"1666701847,863",,,"1,73","1,73",,,,,,,,,,
"1666701847,867",,,,,"1,61",,,,,,,,,
"1666701847,872","1,73",,,,,,,,,,,,,
"1666701847,882","1,73",,,,,,,,,,,,,
"1666701847,892",,,,,,,,,"1,73",,,,,
"1666701847,902","1,73",,,,,,,,,,,,,
"1666701847,912","1,73",,,,,,,,,,,,,
"1666701847,921","1,73",,,,,,,,,,,,,
"1666701847,923",,,"1,73","1,73",,,,,,,,,,
"1666701847,927",,,,,"1,61",,,,,,,,,
"1666701847,932","1,73",,,,,,,,,,,,,
"1666701847,942","1,73",,,,,,,,,,,,,
"1666701847,952","1,73",,,,,,,,,,,,,
"1666701847,962","1,73",,,,,,,,,,,,,
"1666701847,972","1,73",,,,,,,,,,,,,
"1666701847,981","1,73",,,,,,,,,,,,,
"1666701847,984",,,"1,73","1,73",,,,,,,,,,
"1666701847,987",,,,,"1,61",,,,,,,,,
"1666701847,992","1,73",,,,,,,,,,,,,
"1666701848,002","1,74",,,,,,,,,,,,,
"1666701848,012","1,74",,,,,,,,,,,,,
"1666701848,022","1,74",,,,,,,,,,,,,
"1666701848,032","1,74",,,,,,,,,,,,,
"1666701848,041","1,74",,,,,,,,,,,,,
"1666701848,044",,,"1,74","1,73",,,,,,,,,,
"1666701848,047",,,,,"1,62",,,,,,,,,
"1666701848,052","1,74",,,,,,,,,,,,,
"1666701848,062","1,74",,,,,,,,,,,,,
"1666701848,072","1,74",,,,,,,,,,,,,
"1666701848,082","1,74",,,,,,,,,,,,,
"1666701848,092","1,74",,,,,,,,,,,,,
"1666701848,101","1,73",,,,,,,,,,,,,
"1666701848,103",,,"1,73",,,,,,,,,,,
"1666701848,104",,,,"1,73",,,,,,,,,,
"1666701848,107",,,,,"1,62",,,,,,,,,
"1666701848,112","1,73",,,,,,,,,,,,,
"1666701848,122","1,74",,,,,,,,,,,,,
"1666701848,132","1,74",,,,,,,,,,,,,
"1666701848,142","1,74",,,,,,,,,,,,,
"1666701848,152","1,74",,,,,,,,,,,,,
"1666701848,161","1,74",,,,,,,,,,,,,
"1666701848,164",,,"1,74","1,73",,,,,,,,,,
"1666701848,167",,,,,"1,62",,,,,,,,,
"1666701848,172","1,74",,,,,,,,,,,,,
"1666701848,182","1,74",,,,,,,,,,,,,
"1666701848,192","1,74",,,,,,,,,,,,,
"1666701848,202","1,74",,,,,,,,,,,,,
"1666701848,212","1,74",,,,,,,,,,,,,
"1666701848,221","1,74",,,,,,,,,,,,,
"1666701848,223",,,"1,74","1,73",,,,,,,,,,
"1666701848,227",,,,,"1,63",,,,,,,,,
"1666701848,234",,,,,,"4,5",,,,,,,,
"1666701848,242","1,74",,,,,,,,,,,,,
"1666701848,252","1,74",,,,,,,,,,,,,
"1666701848,262","1,74",,,,,,,,,,,,,
"1666701848,272","1,73",,,,,,,,,,,,,
"1666701848,282","1,73",,,,,,,,,,,,,
"1666701848,291","1,73",,,,,,,,,,,,,
"1666701848,293",,,"1,73","1,73",,,,,,,,,,
"1666701848,297",,,,,"1,63",,,,,,,,,
"1666701848,302","1,74",,,,,,,,,,,,,
"1666701848,312","1,74",,,,,,,,,,,,,
"1666701848,322","1,74",,,,,,,,,,,,,
"1666701848,332","1,74",,,,,,,,,,,,,
"1666701848,342","1,74",,,,,,,,,,,,,
"1666701848,351","1,74",,,,,,,,,,,,,
"1666701848,353",,,"1,74","1,73",,,,,,,,,,
"1666701848,357",,,,,"1,63",,,,,,,,,
"1666701848,362","1,74",,,,,,,,,,,,,
"1666701848,372","1,74",,,,,,,,,,,,,
"1666701848,382","1,74",,,,,,,,,,,,,
"1666701848,392","1,74",,,,,,,,,,,,,
"1666701848,402","1,74",,,,,,,,,,,,,
"1666701848,411","1,74",,,,,,,,,,,,,
"1666701848,413",,,"1,74","1,74",,,,,,,,,,
"1666701848,417",,,,,"1,64",,,,,,,,,
"1666701848,422","1,74",,,,,,,,,,,,,
"1666701848,432","1,73",,,,,,,,,,,,,
"1666701848,442","1,73",,,,,,,,,,,,,
"1666701848,452","1,73",,,,,,,,,,,,,
"1666701848,462","1,73",,,,,,,,,,,,,
"1666701848,471","1,74",,,,,,,,,,,,,
"1666701848,473",,,,"1,73",,,,,,,,,,
"1666701848,477",,,,,"1,64",,,,,,,,,
"1666701848,482","1,74",,,,,,,,,,,,,
"1666701848,492","1,74",,,,,,,,,,,,,
"1666701848,502","1,74",,,,,,,,,,,,,
"1666701848,512","1,74",,,,,,,,,,,,,
"1666701848,522",,,,,,,,"1,74",,,,,,
"1666701848,531","1,74","6,24",,,,,,,,,,,,
"1666701848,533",,,"1,74","1,74",,,,,,,,,,
"1666701848,537",,,,,"1,64",,,,,,,,,
"1666701848,542","1,73",,,,,,,,,,,,,
"1666701848,552","1,73",,,,,,,,,,,,,
"1666701848,562","1,73",,,,,,,,,,,,,
"1666701848,572","1,73",,,,,,,,,,,,,
"1666701848,582","1,73",,,,,,,,,,,,,
"1666701848,59","1,73",,,,,,,,,,,,,
"1666701848,591",,"6,24",,,,,,,,,,,,
"1666701848,593",,,"1,73","1,74",,,,,,,,,,
"1666701848,597",,,,,"1,64",,,,,,,,,
"1666701848,602","1,73",,,,,,,,,,,,,
"1666701848,612","1,73",,,,,,,,,,,,,
"1666701848,622","1,73",,,,,,,,,,,,,
"1666701848,632","1,74",,,,,,,,,,,,,
"1666701848,642","1,74",,,,,,,,,,,,,
"1666701848,65","1,74",,,,,,,,,,,,,
"1666701848,651",,"6,24",,,,,,,,,,,,
"1666701848,653",,,"1,74","1,74",,,,,,,,,,
"1666701848,657",,,,,"1,65",,,,,,,,,
"1666701848,662","0,74",,,,,,,,,,,,,
"1666701848,672","1,74",,,,,,,,,,,,,
"1666701848,681","1,73",,,,,,,,,,,,,
"1666701848,692","1,73",,,,,,,,,,,,,
"1666701848,702","1,73",,,,,,,,,,,,,
"1666701848,711","1,73","6,24",,,,,,,,,,,,
"1666701848,713",,,"1,73","1,74",,,,,,,,,,
"1666701848,716",,,,,"1,65",,,,,,,,,
"1666701848,721","1,73",,,,,,,,,,,,,
"1666701848,732","1,73",,,,,,,,,,,,,
"1666701848,741","1,73",,,,,,,,,,,,,
"1666701848,752","1,73",,,,,,,,,,,,,
"1666701848,761","1,73",,,,,,,,,,,,,
"1666701848,77","1,73",,,,,,,,,,,,,
"1666701848,771",,"6,24",,,,,,,,,,,,
"1666701848,773",,,"1,73","1,74",,,,,,,,,,
"1666701848,777",,,,,"1,65",,,,,,,,,
"1666701848,782","1,73",,,,,,,,,,,,,
"1666701848,791","1,73",,,,,,,,,,,,,
"1666701848,802","1,73",,,,,,,,,,,,,
"1666701848,812","1,73",,,,,,,,,,,,,
"1666701848,822","1,73",,,,,,,,,,,,,
"1666701848,83","1,73","6,24",,,,,,,,,,,,
"1666701848,833",,,"1,73","1,73",,,,,,,,,,
"1666701848,836",,,,,"1,65",,,,,,,,,
"1666701848,841","1,73",,,,,,,,,,,,,
"1666701848,851","1,73",,,,,,,,,,,,,
"1666701848,862","1,73",,,,,,,,,,,,,
"1666701848,872","1,73",,,,,,,,,,,,,
"1666701848,882","1,73",,,,,,,,,,,,,
"1666701848,891","1,73","6,24",,,,,,,,,,,,
"1666701848,893",,,"1,73","1,73",,,,,,,,,,
"1666701848,897",,,,,"1,66",,,,,,,,,
"1666701848,905",,,,,,"4,45",,,,,,,,
"1666701848,912","1,73",,,,,,,,,,,,,
"1666701848,922","1,73",,,,,,,,,,,,,
"1666701848,932","1,73",,,,,,,,,,,,,
"1666701848,942","1,73",,,,,,,,,,,,,
"1666701848,951","1,73",,,,,,,,,,,,,
"1666701848,96","1,73",,,,,,,,,,,,,
"1666701848,961",,"6,24",,,,,,,,,,,,
"1666701848,963",,,"1,73","1,73",,,,,,,,,,
"1666701848,966",,,,,"1,66",,,,,,,,,
"1666701848,971","1,73",,,,,,,,,,,,,
"1666701848,982","1,73",,,,,,,,,,,,,
"1666701848,991","1,73",,,,,,,,,,,,,
"1666701849,002","1,73",,,,,,,,,,,,,
"1666701849,011","1,73",,,,,,,,,,,,,
"1666701849,02","1,73","6,24",,,,,,,,,,,,
"1666701849,023",,,"1,73","1,73",,,,,,,,,,
"1666701849,027",,,,,"1,66",,,,,,,,,
"1666701849,031","1,73",,,,,,,,,,,,,
"1666701849,042","1,73",,,,,,,,,,,,,
"1666701849,051","1,73",,,,,,,,,,,,,
"1666701849,061","1,73",,,,,,,,,,,,,
"1666701849,071","1,73",,,,,,,,,,,,,
"1666701849,08","1,73","6,24",,,,,,,,,,,,
"1666701849,083",,,"1,73","1,73",,,,,,,,,,
"1666701849,087",,,,,"1,66",,,,,,,,,
"1666701849,091","1,73",,,,,,,,,,,,,
"1666701849,102","1,73",,,,,,,,,,,,,
"1666701849,111","1,73",,,,,,,,,,,,,
"1666701849,122","1,73",,,,,,,,,,,,,
"1666701849,131","1,73",,,,,,,,,,,,,
"1666701849,14","1,73","6,24",,,,,,,,,,,,
"1666701849,143",,,"1,73","1,73",,,,,,,,,,
"1666701849,146",,,,,"1,67",,,,,,,,,
"1666701849,151","1,73",,,,,,,,,,,,,
"1666701849,161","1,73",,,,,,,,,,,,,
"1666701849,171","1,73",,,,,,,,,,,,,
"1666701849,181","1,73",,,,,,,,,,,,,
"1666701849,191","1,73",,,,,,,,,,,,,
"1666701849,2","1,73","6,24",,,,,,,,,,,,
"1666701849,203",,,"1,73","1,73",,,,,,,,,,
"1666701849,206",,,,,"1,67",,,,,,,,,
"1666701849,211","1,73",,,,,,,,,,,,,
"1666701849,221","1,73",,,,,,,,,,,,,
"1666701849,231","1,73",,,,,,,,,,,,,
"1666701849,241","1,73",,,,,,,,,,,,,
"1666701849,251","1,73",,,,,,,,,,,,,
"1666701849,261","1,73","6,24",,,,,,,,,,,,
"1666701849,263",,,"1,73","1,73",,,,,,,,,,
"1666701849,266",,,,,"1,67",,,,,,,,,
"1666701849,271","1,73",,,,,,,,,,,,,
"1666701849,281","1,73",,,,,,,,,,,,,
"1666701849,291","1,73",,,,,,,,,,,,,
"1666701849,301","1,73",,,,,,,,,,,,,
"1666701849,311","1,73",,,,,,,,,,,,,
"1666701849,32","1,73","6,24",,,,,,,,,,,,
"1666701849,323",,,"1,73","1,73",,,,,,,,,,
"1666701849,326",,,,,"1,67",,,,,,,,,
"1666701849,331","1,73",,,,,,,,,,,,,
"1666701849,342","1,73",,,,,,,,,,,,,
"1666701849,351","1,73",,,,,,,,,,,,,
"1666701849,361","1,73",,,,,,,,,,,,,
"1666701849,371","1,73",,,,,,,,,,,,,
"1666701849,38","1,73","6,24",,,,,,,,,,,,
"1666701849,383",,,"1,73","1,73",,,,,,,,,,
"1666701849,386",,,,,"1,67",,,,,,,,,
"1666701849,391","1,73",,,,,,,,,,,,,
"1666701849,401","1,73",,,,,,,,,,,,,
"1666701849,411","1,73",,,,,,,,,,,,,
"1666701849,421","1,73",,,,,,,,,,,,,
"1666701849,432","1,73",,,,,,,,,,,,,
"1666701849,44","1,73","6,24",,,,,,,,,,,,
"1666701849,443",,,"1,73","1,73",,,,,,,,,,
"1666701849,446",,,,,"1,68",,,,,,,,,
"1666701849,451","1,73",,,,,,,,,,,,,
"1666701849,461","1,73",,,,,,,,,,,,,
"1666701849,471","1,73",,,,,,,,,,,,,
"1666701849,481","1,73",,,,,,,,,,,,,
"1666701849,491","1,73",,,,,,,,,,,,,
"1666701849,5","1,73","6,24",,,,,,,,,,,,
"1666701849,503",,,"1,73","1,73",,,,,,,,,,
"1666701849,506",,,,,"1,68",,,,,,,,,
"1666701849,511","1,73",,,,,,,,,,,,,
"1666701849,521","1,73",,,,,,,,,,,,,
"1666701849,531","1,73",,,,,,,,,,,,,
"1666701849,541","1,73",,,,,,,,,,,,,
"1666701849,551","1,73",,,,,,,,,,,,,
"1666701849,56","1,73","6,24",,,,,,,,,,,,
"1666701849,563",,,"1,73","1,73",,,,,,,,,,
"1666701849,567",,,,,"1,68",,,,,,,,,
"1666701849,571","1,73",,,,,,,,,,,,,
"1666701849,581","1,73",,,,,,,,,,,,,
"1666701849,591","1,73",,,,,,,,,,,,,
"1666701849,601","1,73",,,,,,,,,,,,,
"1666701849,611","1,73",,,,,,,,,,,,,
"1666701849,62","1,73",,,,,,,,,,,,,
"1666701849,621",,"6,24",,,,,,,,,,,,
"1666701849,623",,,"1,73","1,73",,,,,,,,,,
"1666701849,626",,,,,"1,68",,,,,,,,,
"1666701849,631","1,73",,,,,,,,,,,,,
"1666701849,641","1,73",,,,,,,,,,,,,
"1666701849,651","1,73",,,,,,,,,,,,,
"1666701849,661","1,73",,,,,,,,,,,,,
"1666701849,671","1,73",,,,,,,,,,,,,
"1666701849,68","1,73","6,24",,,,,,,,,,,,
"1666701849,683",,,"1,73","1,73",,,,,,,,,,
"1666701849,686",,,,,"1,68",,,,,,,,,
"1666701849,691","1,73",,,,,,,,,,,,,
"1666701849,701","1,73",,,,,,,,,,,,,
"1666701849,711","1,73",,,,,,,,,,,,,
"1666701849,721","1,73",,,,,,,,,,,,,
"1666701849,731","1,73",,,,,,,,,,,,,
"1666701849,74","1,74","6,24",,,,,,,,,,,,
"1666701849,743",,,"1,74","1,73",,,,,,,,,,
"1666701849,746",,,,,"1,68",,,,,,,,,
"1666701849,751","1,74",,,,,,,,,,,,,
"1666701849,761","1,74",,,,,,,,,,,,,
"1666701849,771","1,74",,,,,,,,,,,,,
"1666701849,781","1,74",,,,,,,,,,,,,
"1666701849,791","1,74",,,,,,,,,,,,,
"1666701849,8","1,73","6,24",,,,,,,,,,,,
"1666701849,803",,,"1,73","1,74",,,,,,,,,,
"1666701849,806",,,,,"1,68",,,,,,,,,
"1666701849,811","1,73",,,,,,,,,,,,,
"1666701849,822","1,73",,,,,,,,,,,,,
"1666701849,831","1,73",,,,,,,,,,,,,
"1666701849,841","1,74",,,,,,,,,,,,,
"1666701849,851","1,74",,,,,,,,,,,,,
"1666701849,86","1,74","6,24",,,,,,,,,,,,
"1666701849,863",,,"1,74","1,74",,,,,,,,,,
"1666701849,866",,,,,"1,69",,,,,,,,,
"1666701849,871","1,7",,,,,,,,,,,,,
"1666701849,881","1,74",,,,,,,,,,,,,
"1666701849,891","1,74",,,,,,,,,,,,,
"1666701849,901","1,74",,,,,,,,,,,,,
"1666701849,911","1,74",,,,,,,,,,,,,
"1666701849,92","1,74","6,24",,,,,,,,,,,,
"1666701849,923",,,"1,74","1,74",,,,,,,,,,
"1666701849,926",,,,,"1,69",,,,,,,,,
"1666701849,931","1,73",,,,,,,,,,,,,
"1666701849,941","1,73",,,,,,,,,,,,,
"1666701849,951","1,73",,,,,,,,,,,,,
"1666701849,961","1,73",,,,,,,,,,,,,
"1666701849,971","1,73",,,,,,,,,,,,,
"1666701849,98","1,73","6,24",,,,,,,,,,,,
"1666701849,982",,,"1,73","1,74",,,,,,,,,,
"1666701849,986",,,,,"1,69",,,,,,,,,
"1666701849,994",,,,,,"4,4",,,,,,,,
"1666701850,001","1,73",,,,,,,,,,,,,
"1666701850,011","1,73",,,,,,,,,,,,,
"1666701850,021","1,73",,,,,,,,,,,,,
"1666701850,031","1,73",,,,,,,,,,,,,
"1666701850,041","1,73",,,,,,,,,,,,,
"1666701850,05","1,73","6,24",,,,,,,,,,,,
"1666701850,052",,,"1,73","1,73",,,,,,,,,,
"1666701850,056",,,,,"1,69",,,,,,,,,
"1666701850,061","1,73",,,,,,,,,,,,,
"1666701850,071","1,74",,,,,,,,,,,,,
"1666701850,081","1,74",,,,,,,,,,,,,
"1666701850,091","1,74",,,,,,,,,,,,,
"1666701850,101","1,74",,,,,,,,,,,,,
"1666701850,11","1,74","6,24",,,,,,,,,,,,
"1666701850,113",,,"1,74","1,74",,,,,,,,,,
"1666701850,116",,,,,"1,69",,,,,,,,,
"1666701850,121","1,74",,,,,,,,,,,,,
"1666701850,131","1,74",,,,,,,,,,,,,
"1666701850,141","1,74",,,,,,,,,,,,,
"1666701850,151","1,74",,,,,,,,,,,,,
"1666701850,161","1,7",,,,,,,,,,,,,
"1666701850,17","1,74","6,24",,,,,,,,,,,,
"1666701850,173",,,"1,74","1,74",,,,,,,,,,
"1666701850,176",,,,,"1,69",,,,,,,,,
"1666701850,181","1,74",,,,,,,,,,,,,
"1666701850,191","1,74",,,,,,,,,,,,,
"1666701850,201","1,74",,,,,,,,,,,,,
"1666701850,211","1,74",,,,,,,,,,,,,
"1666701850,221","1,74",,,,,,,,,,,,,
"1666701850,23","1,74","6,24",,,,,,,,,,,,
"1666701850,232",,,"1,74",,,,,,,,,,,
"1666701850,233",,,,"1,74",,,,,,,,,,
"1666701850,236",,,,,"1,7",,,,,,,,,
"1666701850,241","1,74",,,,,,,,,,,,,
"1666701850,251","1,74",,,,,,,,,,,,,
"1666701850,261","1,4",,,,,,,,,,,,,
"1666701850,271","1,74",,,,,,,,,,,,,
"1666701850,281","1,74",,,,,,,,,,,,,
"1666701850,29","1,74","6,24",,,,,,,,,,,,
"1666701850,293",,,"1,74","1,74",,,,,,,,,,
"1666701850,296",,,,,"1,7",,,,,,,,,
"1666701850,301","1,74",,,,,,,,,,,,,
"1666701850,311","1,74",,,,,,,,,,,,,
"1666701850,321","1,74",,,,,,,,,,,,,
"1666701850,331","1,74",,,,,,,,,,,,,
"1666701850,341","1,74",,,,,,,,,,,,,
"1666701850,35","1,74","6,24",,,,,,,,,,,,
"1666701850,353",,,"1,74","1,74",,,,,,,,,,
"1666701850,356",,,,,"1,7",,,,,,,,,
"1666701850,361","1,74",,,,,,,,,,,,,
"1666701850,371","1,74",,,,,,,,,,,,,
"1666701850,381","1,74",,,,,,,,,,,,,
"1666701850,391","1,74",,,,,,,,,,,,,
"1666701850,401","1,74",,,,,,,,,,,,,
"1666701850,41","1,74","6,25",,,,,,,,,,,,
"1666701850,412",,,"1,74","1,74",,,,,,,,,,
"1666701850,416",,,,,"1,7",,,,,,,,,
"1666701850,421","1,74",,,,,,,,,,,,,
"1666701850,431","1,73",,,,,,,,,,,,,
"1666701850,441","1,73",,,,,,,,,,,,,
"1666701850,451","1,74",,,,,,,,,,,,,
"1666701850,461","1,74",,,,,,,,,,,,,
"1666701850,47","1,74","6,25",,,,,,,,,,,,
"1666701850,472",,,"1,74","1,74",,,,,,,,,,
"1666701850,476",,,,,"1,7",,,,,,,,,
"1666701850,481","1,74",,,,,,,,,,,,,
"1666701850,491","1,74",,,,,,,,,,,,,
"1666701850,501","1,74",,,,,,,,,,,,,
"1666701850,511","1,74",,,,,,,,,,,,,
"1666701850,521","1,74",,,,,,,,,,,,,
"1666701850,53","1,74","6,25",,,,,,,,,,,,
"1666701850,533",,,"1,74","1,74",,,,,,,,,,
"1666701850,536",,,,,"1,7",,,,,,,,,
"1666701850,541","1,74",,,,,,,,,,,,,
"1666701850,551","1,74",,,,,,,,,,,,,
"1666701850,561","1,74",,,,,,,,,,,,,
"1666701850,571","1,74",,,,,,,,,,,,,
"1666701850,581","1,74",,,,,,,,,,,,,
"1666701850,59","1,74","6,25",,,,,,,,,,,,
"1666701850,592",,,"1,74","1,74",,,,,,,,,,
"1666701850,596",,,,,"1,7",,,,,,,,,
"1666701850,601","1,74",,,,,,,,,,,,,
"1666701850,611","1,74",,,,,,,,,,,,,
"1666701850,621","1,74",,,,,,,,,,,,,
"1666701850,631","1,74",,,,,,,,,,,,,
"1666701850,641","1,74",,,,,,,,,,,,,
"1666701850,65","1,74","6,25",,,,,,,,,,,,
"1666701850,652",,,"1,74","1,74",,,,,,,,,,
"1666701850,656",,,,,"1,7",,,,,,,,,
"1666701850,661","1,74",,,,,,,,,,,,,
"1666701850,671","1,74",,,,,,,,,,,,,
"1666701850,681","1,74",,,,,,,,,,,,,
"1666701850,691","1,74",,,,,,,,,,,,,
"1666701850,701","1,74",,,,,,,,,,,,,
"1666701850,71","1,74",,,,,,,,,"6,25",,,,
"1666701850,713",,,"1,74","1,74",,,,,,,,,,
"1666701850,716",,,,,"1,71",,,,,,,,,
"1666701850,721","1,74",,,,,,,,,,,,,
"1666701850,731","1,74",,,,,,,,,,,,,
"1666701850,741","1,74",,,,,,,,,,,,,
"1666701850,751","1,74",,,,,,,,,,,,,
"1666701850,761","1,74",,,,,,,,,,,,,
"1666701850,77","1,74","6,25",,,,,,,,,,,,
"1666701850,772",,,"1,74","1,74",,,,,,,,,,
"1666701850,776",,,,,"1,71",,,,,,,,,
"1666701850,781","1,74",,,,,,,,,,,,,
"1666701850,791","1,74",,,,,,,,,,,,,
"1666701850,801","1,74",,,,,,,,,,,,,
"1666701850,811","1,74",,,,,,,,,,,,,
"1666701850,821","1,74",,,,,,,,,,,,,
"1666701850,829","1,74","6,25",,,,,,,,,,,,
"1666701850,832",,,"1,74","1,74",,,,,,,,,,
"1666701850,836",,,,,"1,71",,,,,,,,,
"1666701850,841","1,74",,,,,,,,,,,,,
"1666701850,851","1,73",,,,,,,,,,,,,
"1666701850,861","1,73",,,,,,,,,,,,,
"1666701850,87","1,73",,,,,,,,,,,,,
"1666701850,881","1,73",,,,,,,,,,,,,
"1666701850,89","1,73","6,25",,,,,,,,,,,,
"1666701850,892",,,"1,73","1,74",,,,,,,,,,
"1666701850,896",,,,,"1,71",,,,,,,,,
"1666701850,901","1,73",,,,,,,,,,,,,
"1666701850,911","1,73",,,,,,,,,,,,,
"1666701850,921","1,73",,,,,,,,,,,,,
"1666701850,931","1,73",,,,,,,,,,,,,
"1666701850,941","1,73",,,,,,,,,,,,,
"1666701850,95","1,73","6,25",,,,,,,,,,,,
"1666701850,952",,,"1,73","1,74",,,,,,,,,,
"1666701850,956",,,,,"1,71",,,,,,,,,
"1666701850,961","1,73",,,,,,,,,,,,,
"1666701850,971","1,73",,,,,,,,,,,,,
"1666701850,981","1,73",,,,,,,,,,,,,
"1666701850,991","1,73",,,,,,,,,,,,,
"1666701851,001","1,73",,,,,,,,,,,,,
"1666701851,009","1,73","6,25",,,,,,,,,,,,
"1666701851,012",,,"1,73","1,73",,,,,,,,,,
"1666701851,016",,,,,"1,71",,,,,,,,,
"1666701851,021","1,73",,,,,,,,,,,,,
"1666701851,031","1,73",,,,,,,,,,,,,
"1666701851,041","1,73",,,,,,,,,,,,,
"1666701851,051","1,73",,,,,,,,,,,,,
"1666701851,06","1,73",,,,,,,,,,,,,
"1666701851,07","1,73","6,24",,,,,,,,,,,,
"1666701851,072",,,"1,73","1,73",,,,,,,,,,
"1666701851,076",,,,,"1,71",,,,,,,,,
"1666701851,081","1,73",,,,,,,,,,,,,
"1666701851,091","1,73",,,,,,,,,,,,,
"1666701851,101","1,73",,,,,,,,,,,,,
"1666701851,11","1,73",,,,,,,,,,,,,
"1666701851,12","1,73",,,,,,,,,,,,,
"1666701851,129","1,73","6,24",,,,,,,,,,,,
"1666701851,132",,,"1,73","1,73",,,,,,,,,,
"1666701851,136",,,,,"1,71",,,,,,,,,
"1666701851,144",,,,,,"4,34",,,,,,,,
"1666701851,151","1,73",,,,,,,,,,,,,
"1666701851,16","1,73",,,,,,,,,,,,,
"1666701851,171","1,73",,,,,,,,,,,,,
"1666701851,181","1,73",,,,,,,,,,,,,
"1666701851,19","1,73",,,,,,,,,,,,,
"1666701851,2","1,73","6,23",,,,,,,,,,,,
"1666701851,202",,,"1,73","1,73",,,,,,,,,,
"1666701851,206",,,,,"1,71",,,,,,,,,
"1666701851,21","1,73",,,,,,,,,,,,,
"1666701851,22","1,73",,,,,,,,,,,,,
"1666701851,231","1,73",,,,,,,,,,,,,
"1666701851,24","1,73",,,,,,,,,,,,,
"1666701851,251","1,73",,,,,,,,,,,,,
"1666701851,26","1,73","6,22",,,,,,,,,,,,
"1666701851,262",,,"1,73","1,73",,,,,,,,,,
"1666701851,265",,,,,"1,71",,,,,,,,,
"1666701851,27","1,73",,,,,,,,,,,,,
"1666701851,281","1,73",,,,,,,,,,,,,
"1666701851,291","1,73",,,,,,,,,,,,,
"1666701851,301","1,73",,,,,,,,,,,,,
"1666701851,311","1,73",,,,,,,,,,,,,
"1666701851,319","1,73","6,21",,,,,,,,,,,,
"1666701851,322",,,"1,73","1,73",,,,,,,,,,
"1666701851,325",,,,,"1,71",,,,,,,,,
"1666701851,334",,,,,,"4,29",,,,,,,,
"1666701851,341","1,73",,,,,,,,,,,,,
"1666701851,35","1,73",,,,,,,,,,,,,
"1666701851,361","1,73",,,,,,,,,,,,,
"1666701851,37","1,73",,,,,,,,,,,,,
"1666701851,381","1,73",,,,,,,,,,,,,
"1666701851,389","1,73","6,2",,,,,,,,,,,,
"1666701851,392",,,"1,73","1,73",,,,,,,,,,
"1666701851,395",,,,,"1,71",,,,,,,,,
"1666701851,4","1,73",,,,,,,,,,,,,
"1666701851,41","1,73",,,,,,,,,,,,,
"1666701851,42","1,73",,,,,,,,,,,,,
"1666701851,431","1,73",,,,,,,,,,,,,
"1666701851,44","1,73",,,,,,,,,,,,,
"1666701851,449","1,73","6,19",,,,,,,,,,,,
"1666701851,452",,,"1,73","1,73",,,,,,,,,,
"1666701851,455",,,,,"1,71",,,,,,,,,
"1666701851,461","1,73",,,,,,,,,,,,,
"1666701851,47","1,73",,,,,,,,,,,,,
"1666701851,481","1,73",,,,,,,,,,,,,
"1666701851,491","1,73",,,,,,,,,,,,,
"1666701851,501","1,73",,,,,,,,,,,,,
"1666701851,509","1,73","6,19",,,,,,,,,,,,
"1666701851,512",,,"1,73","1,73",,,,,,,,,,
"1666701851,515",,,,,"1,71",,,,,,,,,
"1666701851,52","1,73",,,,,,,,,,,,,
"1666701851,53","1,73",,,,,,,,,,,,,
"1666701851,54","1,73",,,,,,,,,,,,,
"1666701851,55","1,73",,,,,,,,,,,,,
"1666701851,56","1,73",,,,,,,,,,,,,
"1666701851,569","1,73","6,19",,,,,,,,,,,,
"1666701851,572",,,"1,73","1,73",,,,,,,,,,
"1666701851,575",,,,,"1,71",,,,,,,,,
"1666701851,58","1,73",,,,,,,,,,,,,
"1666701851,59","1,73",,,,,,,,,,,,,
"1666701851,6","1,73",,,,,,,,,,,,,
"1666701851,611","1,73",,,,,,,,,,,,,
"1666701851,621","1,73",,,,,,,,,,,,,
"1666701851,629","1,73","6,19",,,,,,,,,,,,
"1666701851,632",,,"1,73","1,73",,,,,,,,,,
"1666701851,635",,,,,"1,71",,,,,,,,,
"1666701851,64","1,73",,,,,,,,,,,,,
"1666701851,65","1,73",,,,,,,,,,,,,
"1666701851,66","1,73",,,,,,,,,,,,,
"1666701851,671","1,74",,,,,,,,,,,,,
"1666701851,681","1,74",,,,,,,,,,,,,
"1666701851,69","1,74","6,19",,,,,,,,,,,,
"1666701851,692",,,"1,74","1,73",,,,,,,,,,
"1666701851,695",,,,,"1,72",,,,,,,,,
"1666701851,7","1,74",,,,,,,,,,,,,
"1666701851,71","1,74",,,,,,,,,,,,,
"1666701851,72","1,74",,,,,,,,,,,,,
"1666701851,73","1,73",,,,,,,,,,,,,
"1666701851,74","1,73",,,,,,,,,,,,,
"1666701851,749","1,73","6,19",,,,,,,,,,,,
"1666701851,752",,,"1,73","1,73",,,,,,,,,,
"1666701851,755",,,,,"1,72",,,,,,,,,
"1666701851,76","1,73",,,,,,,,,,,,,
"1666701851,77","1,73",,,,,,,,,,,,,
"1666701851,781","1,73",,,,,,,,,,,,,
"1666701851,79","1,74",,,,,,,,,,,,,
"1666701851,8","1,74",,,,,,,,,,,,,
"1666701851,809","1,74","6,19",,,,,,,,,,,,
"1666701851,812",,,"1,74",,,,,,,,"1,73",,,
"1666701851,815",,,,,"1,72",,,,,,,,,
"1666701851,82","1,74",,,,,,,,,,,,,
"1666701851,83","1,74",,,,,,,,,,,,,
"1666701851,84","1,74",,,,,,,,,,,,,
"1666701851,85","1,74",,,,,,,,,,,,,
"1666701851,861","1,73",,,,,,,,,,,,,
"1666701851,869","1,73","6,19",,,,,,,,,,,,
"1666701851,872",,,"1,73",,,,"1,73",,,,,,,
"1666701851,875",,,,,"1,72",,,,,,,,,
"1666701851,88","1,73",,,,,,,,,,,,,
"1666701851,89","1,73",,,,,,,,,,,,,
"1666701851,9","1,73",,,,,,,,,,,,,
"1666701851,91","1,73",,,,,,,,,,,,,
"1666701851,921","1,73",,,,,,,,,,,,,
"1666701851,929","1,73","6,19",,,,,,,,,,,,
"1666701851,932",,,"1,73","1,73",,,,,,,,,,
"1666701851,935",,,,,"1,72",,,,,,,,,
"1666701851,94","1,73",,,,,,,,,,,,,
"1666701851,95","1,73",,,,,,,,,,,,,
"1666701851,96","1,74",,,,,,,,,,,,,
"1666701851,97","1,74",,,,,,,,,,,,,
"1666701851,98","1,74",,,,,,,,,,,,,
"1666701851,989",,,,,,,,,,,,"1,74",,
"1666701851,992",,,"1,74","1,73",,,,,,,,,,
"1666701851,995",,,,,"1,72",,,,,,,,,
"1666701852,003",,,,,,"4,24",,,,,,,,
"1666701852,01","1,74",,,,,,,,,,,,,
"1666701852,02","1,74",,,,,,,,,,,,,
"1666701852,03","1,74",,,,,,,,,,,,,
"1666701852,04","1,74",,,,,,,,,,,,,
"1666701852,051","1,74",,,,,,,,,,,,,
"1666701852,059","1,73","6,17",,,,,,,,,,,,
"1666701852,062",,,"1,73","1,73",,,,,,,,,,
"1666701852,065",,,,,"1,72",,,,,,,,,
"1666701852,07","1,74",,,,,,,,,,,,,
"1666701852,08","1,73",,,,,,,,,,,,,
"1666701852,09","1,73",,,,,,,,,,,,,
"1666701852,1","1,73",,,,,,,,,,,,,
"1666701852,11","1,73",,,,,,,,,,,,,
"1666701852,119","1,73","6,15",,,,,,,,,,,,
"1666701852,122",,,"1,73","1,73",,,,,,,,,,
"1666701852,125",,,,,"1,72",,,,,,,,,
"1666701852,134",,,,,,"4,18",,,,,,,,
"1666701852,14","1,73",,,,,,,,,,,,,
"1666701852,15","1,73",,,,,,,,,,,,,
"1666701852,16","1,73",,,,,,,,,,,,,
"1666701852,17","1,73",,,,,,,,,,,,,
"1666701852,18","1,73",,,,,,,,,,,,,
"1666701852,189","1,73","6,13",,,,,,,,,,,,
"1666701852,191",,,"1,73","1,73",,,,,,,,,,
"1666701852,195",,,,,"1,72",,,,,,,,,
"1666701852,2","1,73",,,,,,,,,,,,,
"1666701852,21","1,73",,,,,,,,,,,,,
"1666701852,22","1,73",,,,,,,,,,,,,
"1666701852,23","1,73",,,,,,,,,,,,,
"1666701852,24","1,73",,,,,,,,,,,,,
"1666701852,249","1,73","6,11",,,,,,,,,,,,
"1666701852,252",,,"1,73","1,73",,,,,,,,,,
"1666701852,255",,,,,"1,72",,,,,,,,,
"1666701852,267",,,,,,"4,1",,,,,,,,
"1666701852,28","1,73",,,,,,,,,,,,,
"1666701852,291","1,73",,,,,,,,,,,,,
"1666701852,3","1,73",,,,,,,,,,,,,
"1666701852,31","1,73",,,,,,,,,,,,,
"1666701852,319","1,73","6,09",,,,,,,,,,,,
"1666701852,322",,,"1,73","1,73",,,,,,,,,,
"1666701852,325",,,,,"1,72",,,,,,,,,
"1666701852,33","1,73",,,,,,,,,,,,,
"1666701852,34","1,73",,,,,,,,,,,,,
"1666701852,35","1,73",,,,,,,,,,,,,
"1666701852,36","1,73",,,,,,,,,,,,,
"1666701852,37","1,73",,,,,,,,,,,,,
"1666701852,379","1,73","6,07",,,,,,,,,,,,
"1666701852,382",,,"1,73","1,73",,,,,,,,,,
"1666701852,385",,,,,"1,72",,,,,,,,,
"1666701852,395",,,,,,"4,04",,,,,,,,
"1666701852,41","1,73",,,,,,,,,,,,,
"1666701852,42","1,73",,,,,,,,,,,,,
"1666701852,43","1,73",,,,,,,,,,,,,
"1666701852,44","1,73",,,,,,,,,,,,,
"1666701852,449","1,73","6,06",,,,,,,,,,,,
"1666701852,452",,,"1,73","1,73",,,,,,,,,,
"1666701852,455",,,,,"1,72",,,,,,,,,
"1666701852,46","1,73",,,,,,,,,,,,,
"1666701852,47","1,72",,,,,,,,,,,,,
"1666701852,48","1,73",,,,,,,,,,,,,
"1666701852,49","1,73",,,,,,,,,,,,,
"1666701852,5","1,73",,,,,,,,,,,,,
"1666701852,509","1,73","6,04",,,,,,,,,,,,
"1666701852,512",,,"1,73","1,73",,,,,,,,,,
"1666701852,515",,,,,"1,72",,,,,,,,,
"1666701852,524",,,,,,"3,98",,,,,,,,
"1666701852,53","1,73",,,,,,,,,,,,,
"1666701852,54","1,73",,,,,,,,,,,,,
"1666701852,55","1,73",,,,,,,,,,,,,
"1666701852,56","1,73",,,,,,,,,,,,,
"1666701852,57","1,73",,,,,,,,,,,,,
"1666701852,579","1,73","6,02",,,,,,,,,,,,
"1666701852,582",,,"1,73","1,73",,,,,,,,,,
"1666701852,585",,,,,"1,72",,,,,,,,,
"1666701852,59","1,73",,,,,,,,,,,,,
"1666701852,6","1,73",,,,,,,,,,,,,
"1666701852,61","1,72",,,,,,,,,,,,,
"1666701852,62","1,72",,,,,,,,,,,,,
"1666701852,63","1,72",,,,,,,,,,,,,
"1666701852,639","1,73","6,01",,,,,,,,,,,,
"1666701852,641",,,"1,73","1,73",,,,,,,,,,
"1666701852,645",,,,,"1,72",,,,,,,,,
"1666701852,653",,,,,,"3,93",,,,,,,,
"1666701852,66","1,73",,,,,,,,,,,,,
"1666701852,67","1,73",,,,,,,,,,,,,
"1666701852,68","1,73",,,,,,,,,,,,,
"1666701852,69",,,,,,,,,,,,"1,73",,
"1666701852,7","1,73",,,,,,,,,,,,,
"1666701852,709","1,73","6",,,,,,,,,,,,
"1666701852,712",,,"1,73","1,73",,,,,,,,,,
"1666701852,715",,,,,"1,72",,,,,,,,,
"1666701852,72","1,73",,,,,,,,,,,,,
"1666701852,73","1,73",,,,,,,,,,,,,
"1666701852,74","1,73",,,,,,,,,,,,,
"1666701852,75","1,73",,,,,,,,,,,,,
"1666701852,76","1,73",,,,,,,,,,,,,
"1666701852,769","1,72","5,98",,,,,,,,,,,,
"1666701852,771",,,"1,72",,,,,,,,,,,
"1666701852,772",,,,"1,73",,,,,,,,,,
"1666701852,775",,,,,"1,72",,,,,,,,,
"1666701852,78","1,72",,,,,,,,,,,,,
"1666701852,79","1,72",,,,,,,,,,,,,
"1666701852,8","1,72",,,,,,,,,,,,,
"1666701852,81","1,73",,,,,,,,,,,,,
"1666701852,82","1,73",,,,,,,,,,,,,
"1666701852,829","1,73","5,97",,,,,,,,,,,,
"1666701852,831",,,"1,73",,,,,,,,,,,
"1666701852,832",,,,"1,73",,,,,,,,,,
"1666701852,835",,,,,"1,72",,,,,,,,,
"1666701852,846",,,,,,"3,86",,,,,,,,
"1666701852,86","1,72",,,,,,,,,,,,,
"1666701852,87","1,72",,,,,,,,,,,,,
"1666701852,88","1,72",,,,,,,,,,,,,
"1666701852,89","1,72",,,,,,,,,,,,,
"1666701852,899","1,72","5,96",,,,,,,,,,,,
"1666701852,901",,,"1,72","1,73",,,,,,,,,,
"1666701852,905",,,,,"1,72",,,,,,,,,
"1666701852,91","1,72",,,,,,,,,,,,,
"1666701852,92","1,72",,,,,,,,,,,,,
"1666701852,93","1,72",,,,,,,,,,,,,
"1666701852,94","1,72",,,,,,,,,,,,,
"1666701852,95","1,72",,,,,,,,,,,,,
"1666701852,959","1,72","5,94",,,,,,,,,,,,
"1666701852,961",,,"1,72","1,72",,,,,,,,,,
"1666701852,965",,,,,"1,72",,,,,,,,,
"1666701852,97","1,72",,,,,,,,,,,,,
"1666701852,98","1,72",,,,,,,,,,,,,
"1666701852,99","1,72",,,,,,,,,,,,,
"1666701853","1,72",,,,,,,,,,,,,
"1666701853,01","1,72",,,,,,,,,,,,,
"1666701853,018","1,72",,,,,,,,,,,,,
"1666701853,019",,"5,93",,,,,,,,,,,,
"1666701853,021",,,"1,72","1,72",,,,,,,,,,
"1666701853,025",,,,,"1,72",,,,,,,,,
"1666701853,034",,,,,,"3,79",,,,,,,,
"1666701853,049","1,72",,,,,,,,,,,,,
"1666701853,06","1,72",,,,,,,,,,,,,
"1666701853,07","1,72",,,,,,,,,,,,,
"1666701853,08","1,72",,,,,,,,,,,,,
"1666701853,089","1,72","5,93",,,,,,,,,,,,
"1666701853,091",,,"1,72","1,72",,,,,,,,,,
"1666701853,095",,,,,"1,72",,,,,,,,,
"1666701853,1","1,72",,,,,,,,,,,,,
"1666701853,11","1,72",,,,,,,,,,,,,
"1666701853,119","1,72",,,,,,,,,,,,,
"1666701853,13","1,72",,,,,,,,,,,,,
"1666701853,14","1,72",,,,,,,,,,,,,
"1666701853,149","1,72","5,93",,,,,,,,,,,,
"1666701853,151",,,"1,72","1,72",,,,,,,,,,
"1666701853,155",,,,,"1,72",,,,,,,,,
"1666701853,159","1,72",,,,,,,,,,,,,
"1666701853,17","1,72",,,,,,,,,,,,,
"1666701853,179","1,72",,,,,,,,,,,,,
"1666701853,19","1,72",,,,,,,,,,,,,
"1666701853,199","1,72",,,,,,,,,,,,,
"1666701853,209","1,73","5,94",,,,,,,,,,,,
"1666701853,211",,,"1,73","1,72",,,,,,,,,,
"1666701853,215",,,,,"1,72",,,,,,,,,
"1666701853,219","1,73",,,,,,,,,,,,,
"1666701853,23","1,73",,,,,,,,,,,,,
"1666701853,239","1,73",,,,,,,,,,,,,
"1666701853,25","1,73",,,,,,,,,,,,,
"1666701853,259","1,73",,,,,,,,,,,,,
"1666701853,268","1,73","5,95",,,,,,,,,,,,
"1666701853,271",,,"1,73","1,73",,,,,,,,,,
"1666701853,275",,,,,"1,72",,,,,,,,,
"1666701853,28","1,73",,,,,,,,,,,,,
"1666701853,29","1,73",,,,,,,,,,,,,
"1666701853,3","1,73",,,,,,,,,,,,,
"1666701853,31","1,73",,,,,,,,,,,,,
"1666701853,319","1,73",,,,,,,,,,,,,
"1666701853,328","1,72","5,96",,,,,,,,,,,,
"1666701853,331",,,"1,72","1,73",,,,,,,,,,
"1666701853,335",,,,,"1,72",,,,,,,,,
"1666701853,343",,,,,,"3,85",,,,,,,,
"1666701853,35","1,72",,,,,,,,,,,,,
"1666701853,36","1,73",,,,,,,,,,,,,
"1666701853,369","1,73",,,,,,,,,,,,,
"1666701853,38","1,73",,,,,,,,,,,,,
"1666701853,39","1,73",,,,,,,,,,,,,
"1666701853,398","1,73","5,97",,,,,,,,,,,,
"1666701853,401",,,"1,73","1,73",,,,,,,,,,
"1666701853,404",,,,,"1,72",,,,,,,,,
"1666701853,409","1,73",,,,,,,,,,,,,
"1666701853,419","1,73",,,,,,,,,,,,,
"1666701853,429","1,73",,,,,,,,,,,,,
"1666701853,439","1,73",,,,,,,,,,,,,
"1666701853,45","1,73",,,,,,,,,,,,,
"1666701853,458","1,73","5,98",,,,,,,,,,,,
"1666701853,461",,,"1,73","1,73",,,,,,,,,,
"1666701853,464",,,,,"1,72",,,,,,,,,
"1666701853,47","1,73",,,,,,,,,,,,,
"1666701853,479","1,73",,,,,,,,,,,,,
"1666701853,489","1,73",,,,,,,,,,,,,
"1666701853,5","1,73",,,,,,,,,,,,,
"1666701853,51","1,73",,,,,,,,,,,,,
"1666701853,518","1,73","5,99",,,,,,,,,,,,
"1666701853,521",,,"1,73","1,73",,,,,,,,,,
"1666701853,525",,,,,"1,72",,,,,,,,,
"1666701853,532",,,,,,"3,9",,,,,,,,
"1666701853,539","1,73",,,,,,,,,,,,,
"1666701853,549","1,73",,,,,,,,,,,,,
"1666701853,559","1,73",,,,,,,,,,,,,
"1666701853,57","1,73",,,,,,,,,,,,,
"1666701853,579","1,73",,,,,,,,,,,,,
"1666701853,588","1,73","6",,,,,,,,,,,,
"1666701853,591",,,"1,73","1,73",,,,,,,,,,
"1666701853,594",,,,,"1,72",,,,,,,,,
"1666701853,599","1,73",,,,,,,,,,,,,
"1666701853,609","1,73",,,,,,,,,,,,,
"1666701853,619","1,73",,,,,,,,,,,,,
"1666701853,629","1,73",,,,,,,,,,,,,
"1666701853,639","1,73",,,,,,,,,,,,,
"1666701853,648","1,73","6,01",,,,,,,,,,,,
"1666701853,651",,,"1,73","1,73",,,,,,,,,,
"1666701853,654",,,,,"1,72",,,,,,,,,
"1666701853,659","1,73",,,,,,,,,,,,,
"1666701853,669","1,73",,,,,,,,,,,,,
"1666701853,679","1,73",,,,,,,,,,,,,
"1666701853,689","1,73",,,,,,,,,,,,,
"1666701853,7","1,73",,,,,,,,,,,,,
"1666701853,708","1,73","6,02",,,,,,,,,,,,
"1666701853,711",,,"1,73","1,73",,,,,,,,,,
"1666701853,714",,,,,"1,72",,,,,,,,,
"1666701853,719","1,72",,,,,,,,,,,,,
"1666701853,73","1,72",,,,,,,,,,,,,
"1666701853,739","1,72",,,,,,,,,,,,,
"1666701853,75","1,72",,,,,,,,,,,,,
"1666701853,759","1,72",,,,,,,,,,,,,
"1666701853,768","1,72","6,02",,,,,,,,,,,,
"1666701853,771",,,"1,72","1,73",,,,,,,,,,
"1666701853,774",,,,,"1,72",,,,,,,,,
"1666701853,783",,,,,,"3,95",,,,,,,,
"1666701853,789","1,72",,,,,,,,,,,,,
"1666701853,799","1,72",,,,,,,,,,,,,
"1666701853,809","1,72",,,,,,,,,,,,,
"1666701853,82","1,72",,,,,,,,,,,,,
"1666701853,83","1,72",,,,,,,,,,,,,
"1666701853,838","1,72","6,03",,,,,,,,,,,,
"1666701853,841",,,"1,72","1,72",,,,,,,,,,
"1666701853,844",,,,,"1,72",,,,,,,,,
"1666701853,849","1,72",,,,,,,,,,,,,
"1666701853,859","1,72",,,,,,,,,,,,,
"1666701853,869","1,72",,,,,,,,,,,,,
"1666701853,879","1,72",,,,,,,,,,,,,
"1666701853,889","1,72",,,,,,,,,,,,,
"1666701853,898","1,72","6,04",,,,,,,,,,,,
"1666701853,901",,,"1,72","1,72",,,,,,,,,,
"1666701853,904",,,,,"1,72",,,,,,,,,
"1666701853,909","1,72",,,,,,,,,,,,,
"1666701853,919","1,72",,,,,,,,,,,,,
"1666701853,929","1,72",,,,,,,,,,,,,
"1666701853,939","1,72",,,,,,,,,,,,,
"1666701853,949","1,72",,,,,,,,,,,,,
"1666701853,958","1,72","6,05",,,,,,,,,,,,
"1666701853,961",,,"1,72","1,72",,,,,,,,,,
"1666701853,964",,,,,"1,72",,,,,,,,,
"1666701853,969","1,72",,,,,,,,,,,,,
"1666701853,979","1,72",,,,,,,,,,,,,
"1666701853,989","1,72",,,,,,,,,,,,,
"1666701853,999","1,72",,,,,,,,,,,,,
"1666701854,009","1,72",,,,,,,,,,,,,
"1666701854,018","1,72","6,05",,,,,,,,,,,,
"1666701854,021",,,"1,72","1,72",,,,,,,,,,
"1666701854,024",,,,,"1,72",,,,,,,,,
"1666701854,029","1,72",,,,,,,,,,,,,
"1666701854,039","1,72",,,,,,,,,,,,,
"1666701854,05","1,72",,,,,,,,,,,,,
"1666701854,059","1,73",,,,,,,,,,,,,
"1666701854,069","1,72",,,,,,,,,,,,,
"1666701854,078","1,73","6,06",,,,,,,,,,,,
"1666701854,081",,,"1,73","1,72",,,,,,,,,,
"1666701854,084",,,,,"1,72",,,,,,,,,
"1666701854,093",,,,,,"4,01",,,,,,,,
"1666701854,099","1,73",,,,,,,,,,,,,
"1666701854,11","1,73",,,,,,,,,,,,,
"1666701854,119","1,73",,,,,,,,,,,,,
"1666701854,129","1,73",,,,,,,,,,,,,
"1666701854,139","1,73",,,,,,,,,,,,,
"1666701854,148","1,73","6,07",,,,,,,,,,,,
"1666701854,151",,,"1,73","1,73",,,,,,,,,,
"1666701854,154",,,,,"1,72",,,,,,,,,
"1666701854,159","1,73",,,,,,,,,,,,,
"1666701854,169","1,73",,,,,,,,,,,,,
"1666701854,179","1,73",,,,,,,,,,,,,
"1666701854,189","1,73",,,,,,,,,,,,,
"1666701854,199","1,73",,,,,,,,,,,,,
"1666701854,208","1,73","6,07",,,,,,,,,,,,
"1666701854,211",,,"1,73","1,73",,,,,,,,,,
"1666701854,214",,,,,"1,72",,,,,,,,,
"1666701854,219","1,73",,,,,,,,,,,,,
"1666701854,229","1,73",,,,,,,,,,,,,
"1666701854,239","1,73",,,,,,,,,,,,,
"1666701854,249","1,73",,,,,,,,,,,,,
"1666701854,259","1,73",,,,,,,,,,,,,
"1666701854,268","1,73","6,08",,,,,,,,,,,,
"1666701854,27",,,"1,73",,,,,,,,,,,
"1666701854,271",,,,"1,73",,,,,,,,,,
"1666701854,274",,,,,"1,72",,,,,,,,,
"1666701854,279","1,73",,,,,,,,,,,,,
"1666701854,289","1,73",,,,,,,,,,,,,
"1666701854,299","1,73",,,,,,,,,,,,,
"1666701854,309","1,73",,,,,,,,,,,,,
"1666701854,319","1,73",,,,,,,,,,,,,
"1666701854,328","1,73","6,09",,,,,,,,,,,,
"1666701854,33",,,"1,73","1,73",,,,,,,,,,
"1666701854,334",,,,,"1,72",,,,,,,,,
"1666701854,341",,,,,,"4,05",,,,,,,,
"1666701854,349","1,73",,,,,,,,,,,,,
"1666701854,359","1,73",,,,,,,,,,,,,
"1666701854,369","1,73",,,,,,,,,,,,,
"1666701854,379","1,73",,,,,,,,,,,,,
"1666701854,389","1,73",,,,,,,,,,,,,
"1666701854,398","1,73","6,09",,,,,,,,,,,,
"1666701854,4",,,"1,73","1,73",,,,,,,,,,
"1666701854,404",,,,,"1,72",,,,,,,,,
"1666701854,409","1,73",,,,,,,,,,,,,
"1666701854,419","1,73",,,,,,,,,,,,,
"1666701854,429","1,73",,,,,,,,,,,,,
"1666701854,439","1,73",,,,,,,,,,,,,
"1666701854,449","1,72",,,,,,,,,,,,,
"1666701854,458","1,72","6,1",,,,,,,,,,,,
"1666701854,46",,,"1,72","1,73",,,,,,,,,,
"1666701854,464",,,,,"1,72",,,,,,,,,
"1666701854,469","1,72",,,,,,,,,,,,,
"1666701854,479","1,72",,,,,,,,,,,,,
"1666701854,49","1,72",,,,,,,,,,,,,
"1666701854,499","1,72",,,,,,,,,,,,,
"1666701854,51","1,72",,,,,,,,,,,,,
"1666701854,518","1,72","6,1",,,,,,,,,,,,
"1666701854,521",,,"1,72","1,72",,,,,,,,,,
"1666701854,524",,,,,"1,72",,,,,,,,,
"1666701854,529","1,72",,,,,,,,,,,,,
"1666701854,539","1,72",,,,,,,,,,,,,
"1666701854,549","1,72",,,,,,,,,,,,,
"1666701854,559","1,72",,,,,,,,,,,,,
"1666701854,569","1,72",,,,,,,,,,,,,
"1666701854,578","1,72","6,11",,,,,,,,,,,,
"1666701854,581",,,"1,72","1,72",,,,,,,,,,
"1666701854,584",,,,,"1,72",,,,,,,,,
"1666701854,589","1,72",,,,,,,,,,,,,
"1666701854,599","1,72",,,,,,,,,,,,,
"1666701854,609","1,72",,,,,,,,,,,,,
"1666701854,62","1,72",,,,,,,,,,,,,
"1666701854,629","1,72",,,,,,,,,,,,,
"1666701854,638","1,72","6,11",,,,,,,,,,,,
"1666701854,641",,,"1,72","1,72",,,,,,,,,,
"1666701854,644",,,,,"1,72",,,,,,,,,
"1666701854,649","1,72",,,,,,,,,,,,,
"1666701854,659","1,72",,,,,,,,,,,,,
"1666701854,669","1,72",,,,,,,,,,,,,
"1666701854,679","1,72",,,,,,,,,,,,,
"1666701854,689","1,72",,,,,,,,,,,,,
"1666701854,698","1,72","6,12",,,,,,,,,,,,
"1666701854,701",,,"1,72","1,72",,,,,,,,,,
"1666701854,704",,,,,"1,72",,,,,,,,,
"1666701854,709","1,72",,,,,,,,,,,,,
"1666701854,719","1,72",,,,,,,,,,,,,
"1666701854,729","1,72",,,,,,,,,,,,,
"1666701854,739","1,72",,,,,,,,,,,,,
"1666701854,749","1,72",,,,,,,,,,,,,
"1666701854,758","1,72","6,12",,,,,,,,,,,,
"1666701854,761",,,"1,72","1,72",,,,,,,,,,
"1666701854,764",,,,,"1,72",,,,,,,,,
"1666701854,773",,,,,,"4,11",,,,,,,,
"1666701854,779","1,72",,,,,,,,,,,,,
"1666701854,789","1,72",,,,,,,,,,,,,
"1666701854,799","1,72",,,,,,,,,,,,,
"1666701854,809","1,72",,,,,,,,,,,,,
"1666701854,819","1,72",,,,,,,,,,,,,
"1666701854,828","1,72","6,13",,,,,,,,,,,,
"1666701854,831",,,"1,72","1,72",,,,,,,,,,
"1666701854,834",,,,,"1,72",,,,,,,,,
"1666701854,839","1,72",,,,,,,,,,,,,
"1666701854,849","1,72",,,,,,,,,,,,,
"1666701854,859","1,72",,,,,,,,,,,,,
"1666701854,869","1,72",,,,,,,,,,,,,
"1666701854,879","1,72",,,,,,,,,,,,,
"1666701854,888","1,72","6,13",,,,,,,,,,,,
"1666701854,891",,,"1,72","1,72",,,,,,,,,,
"1666701854,894",,,,,"1,72",,,,,,,,,
"1666701854,899","1,72",,,,,,,,,,,,,
"1666701854,909","1,72",,,,,,,,,,,,,
"1666701854,92","1,72",,,,,,,,,,,,,
"1666701854,929","1,72",,,,,,,,,,,,,
"1666701854,939","1,72",,,,,,,,,,,,,
"1666701854,948","1,72","6,14",,,,,,,,,,,,
"1666701854,951",,,"1,72","1,72",,,,,,,,,,
"1666701854,954",,,,,"1,72",,,,,,,,,
"1666701854,959","1,72",,,,,,,,,,,,,
"1666701854,969","1,72",,,,,,,,,,,,,
"1666701854,98","1,72",,,,,,,,,,,,,
"1666701854,989","1,72",,,,,,,,,,,,,
"1666701854,999","1,72",,,,,,,,,,,,,
"1666701855,008","1,72","6,14",,,,,,,,,,,,
"1666701855,011",,,"1,72","1,72",,,,,,,,,,
"1666701855,014",,,,,"1,72",,,,,,,,,
"1666701855,019","1,72",,,,,,,,,,,,,
"1666701855,029","1,72",,,,,,,,,,,,,
"1666701855,039","1,72",,,,,,,,,,,,,
"1666701855,049","1,72",,,,,,,,,,,,,
"1666701855,059","1,72",,,,,,,,,,,,,
"1666701855,068","1,72","6,15",,,,,,,,,,,,
"1666701855,071",,,"1,72","1,72",,,,,,,,,,
"1666701855,079","1,72",,,,,,,,,,,,,
"1666701855,089","1,71",,,,,,,,,,,,,
"1666701855,099","1,72",,,,,,,,,,,,,
"1666701855,109","1,72",,,,,,,,,,,,,
"1666701855,119","1,72",,,,,,,,,,,,,
"1666701855,128","1,72","6,15",,,,,,,,,,,,
"1666701855,131",,,"1,72","1,72",,,,,,,,,,
"1666701855,134",,,,,"1,72",,,,,,,,,
"1666701855,139","1,72",,,,,,,,,,,,,
"1666701855,149","1,72",,,,,,,,,,,,,
"1666701855,159","1,72",,,,,,,,,,,,,
"1666701855,169","1,72",,,,,,,,,,,,,
"1666701855,179","1,72",,,,,,,,,,,,,
"1666701855,188","1,72","6,15",,,,,,,,,,,,
"1666701855,191",,,"1,72","1,72",,,,,,,,,,
"1666701855,194",,,,,"1,72",,,,,,,,,
"1666701855,199","1,72",,,,,,,,,,,,,
"1666701855,209","1,72",,,,,,,,,,,,,
"1666701855,219","1,72",,,,,,,,,,,,,
"1666701855,229","1,72",,,,,,,,,,,,,
"1666701855,239","1,72",,,,,,,,,,,,,
"1666701855,248","1,72","6,16",,,,,,,,,,,,
"1666701855,251",,,"1,72","1,72",,,,,,,,,,
"1666701855,254",,,,,"1,72",,,,,,,,,
"1666701855,263",,,,,,"4,16",,,,,,,,
"1666701855,269","1,72",,,,,,,,,,,,,
"1666701855,279","1,72",,,,,,,,,,,,,
"1666701855,289","1,72",,,,,,,,,,,,,
"1666701855,299","1,72",,,,,,,,,,,,,
"1666701855,309","1,72",,,,,,,,,,,,,
"1666701855,318","1,72","6,16",,,,,,,,,,,,
"1666701855,32",,,"1,72","1,72",,,,,,,,,,
"1666701855,324",,,,,"1,72",,,,,,,,,
"1666701855,329","1,72",,,,,,,,,,,,,
"1666701855,339","1,72",,,,,,,,,,,,,
"1666701855,349","1,72",,,,,,,,,,,,,
"1666701855,359","1,72",,,,,,,,,,,,,
"1666701855,369","1,72",,,,,,,,,,,,,
"1666701855,378","1,72","6,17",,,,,,,,,,,,
"1666701855,381",,,"1,72","1,72",,,,,,,,,,
"1666701855,384",,,,,"1,72",,,,,,,,,
"1666701855,389","1,72",,,,,,,,,,,,,
"1666701855,399","1,72",,,,,,,,,,,,,
"1666701855,409","1,72",,,,,,,,,,,,,
"1666701855,419","1,72",,,,,,,,,,,,,
"1666701855,429","1,72",,,,,,,,,,,,,
"1666701855,438","1,72","6,17",,,,,,,,,,,,
"1666701855,441",,,"1,72","1,72",,,,,,,,,,
"1666701855,444",,,,,"1,72",,,,,,,,,
"1666701855,449","1,72",,,,,,,,,,,,,
"1666701855,459","1,72",,,,,,,,,,,,,
"1666701855,469","1,72",,,,,,,,,,,,,
"1666701855,479","1,72",,,,,,,,,,,,,
"1666701855,489","1,72",,,,,,,,,,,,,
"1666701855,498","1,72","6,17",,,,,,,,,,,,
"1666701855,501",,,"1,72","1,72",,,,,,,,,,
"1666701855,504",,,,,"1,72",,,,,,,,,
"1666701855,509","1,72",,,,,,,,,,,,,
"1666701855,519","1,72",,,,,,,,,,,,,
"1666701855,529","1,71",,,,,,,,,,,,,
"1666701855,539","1,71",,,,,,,,,,,,,
"1666701855,549","1,71",,,,,,,,,,,,,
"1666701855,557","1,71","6,18",,,,,,,,,,,,
"1666701855,56",,,"1,71","1,72",,,,,,,,,,
"1666701855,564",,,,,"1,72",,,,,,,,,
"1666701855,569","1,71",,,,,,,,,,,,,
"1666701855,579","1,71",,,,,,,,,,,,,
"1666701855,589","1,71",,,,,,,,,,,,,
"1666701855,599","1,71",,,,,,,,,,,,,
"1666701855,609","1,71",,,,,,,,,,,,,
"1666701855,618","1,71","6,18",,,,,,,,,,,,
"1666701855,621",,,"1,71","1,71",,,,,,,,,,
"1666701855,624",,,,,"1,72",,,,,,,,,
"1666701855,629","1,71",,,,,,,,,,,,,
"1666701855,639","1,71",,,,,,,,,,,,,
"1666701855,649","1,71",,,,,,,,,,,,,
"1666701855,659","1,71",,,,,,,,,,,,,
"1666701855,669","1,71",,,,,,,,,,,,,
"1666701855,678","1,71","6,18",,,,,,,,,,,,
"1666701855,68",,,"1,71","1,71",,,,,,,,,,
"1666701855,684",,,,,"1,72",,,,,,,,,
"1666701855,689","1,71",,,,,,,,,,,,,
"1666701855,699","1,71",,,,,,,,,,,,,
"1666701855,709","1,71",,,,,,,,,,,,,
"1666701855,719","1,71",,,,,,,,,,,,,
"1666701855,729","1,71",,,,,,,,,,,,,
"1666701855,738","1,71","6,18",,,,,,,,,,,,
"1666701855,74",,,"1,71","1,71",,,,,,,,,,
"1666701855,744",,,,,"1,72",,,,,,,,,
"1666701855,749","1,71",,,,,,,,,,,,,
"1666701855,759","1,71",,,,,,,,,,,,,
"1666701855,769","1,71",,,,,,,,,,,,,
"1666701855,779","1,71",,,,,,,,,,,,,
"1666701855,789","1,71",,,,,,,,,,,,,
"1666701855,798","1,71","6,19",,,,,,,,,,,,
"1666701855,8",,,"1,71","1,71",,,,,,,,,,
"1666701855,804",,,,,"1,72",,,,,,,,,
"1666701855,809","1,71",,,,,,,,,,,,,
"1666701855,819","1,71",,,,,,,,,,,,,
"1666701855,829","1,71",,,,,,,,,,,,,
"1666701855,839","1,71",,,,,,,,,,,,,
"1666701855,849","1,71",,,,,,,,,,,,,
"1666701855,857","1,71",,,,,,,,,,,,,
"1666701855,858",,"6,19",,,,,,,,,,,,
"1666701855,86",,,"1,71","1,71",,,,,,,,,,
"1666701855,864",,,,,"1,72",,,,,,,,,
"1666701855,869","1,71",,,,,,,,,,,,,
"1666701855,879","1,71",,,,,,,,,,,,,
"1666701855,889","1,71",,,,,,,,,,,,,
"1666701855,899","1,71",,,,,,,,,,,,,
"1666701855,909","1,71",,,,,,,,,,,,,
"1666701855,918","1,71","6,19",,,,,,,,,,,,
"1666701855,92",,,"1,71","1,71",,,,,,,,,,
"1666701855,924",,,,,"1,72",,,,,,,,,
"1666701855,929","1,71",,,,,,,,,,,,,
"1666701855,939","1,71",,,,,,,,,,,,,
"1666701855,949","1,71",,,,,,,,,,,,,
"1666701855,959","1,71",,,,,,,,,,,,,
"1666701855,969","1,71",,,,,,,,,,,,,
"1666701855,977","1,71","6,2",,,,,,,,,,,,
"1666701855,98",,,"1,71","1,71",,,,,,,,,,
"1666701855,983",,,,,"1,72",,,,,,,,,
"1666701855,992",,,,,,"4,22",,,,,,,,
"1666701855,999","1,71",,,,,,,,,,,,,
"1666701856,009","1,71",,,,,,,,,,,,,
"1666701856,019","1,71",,,,,,,,,,,,,
"1666701856,029","1,71",,,,,,,,,,,,,
"1666701856,039","1,71",,,,,,,,,,,,,
"1666701856,047","1,71","6,2",,,,,,,,,,,,
"1666701856,05",,,"1,71","1,71",,,,,,,,,,
"1666701856,054",,,,,"1,72",,,,,,,,,
"1666701856,059","1,71",,,,,,,,,,,,,
"1666701856,069","1,71",,,,,,,,,,,,,
"1666701856,079","1,71",,,,,,,,,,,,,
"1666701856,089","1,71",,,,,,,,,,,,,
"1666701856,099","1,71",,,,,,,,,,,,,
"1666701856,107","1,71",,,,,,,,,,,,,
"1666701856,108",,"6,2",,,,,,,,,,,,
"1666701856,11",,,"1,71","1,71",,,,,,,,,,
"1666701856,114",,,,,"1,72",,,,,,,,,
"1666701856,118","1,71",,,,,,,,,,,,,
"1666701856,138","1,71",,,,,,,,,,,,,
"1666701856,149","1,71",,,,,,,,,,,,,
"1666701856,159","1,71",,,,,,,,,,,,,
"1666701856,167","1,71","6,2",,,,,,,,,,,,
"1666701856,17",,,"1,71","1,71",,,,,,,,,,
"1666701856,174",,,,,"1,72",,,,,,,,,
"1666701856,178","1,71",,,,,,,,,,,,,
"1666701856,189","1,71",,,,,,,,,,,,,
"1666701856,199","1,71",,,,,,,,,,,,,
"1666701856,209","1,71",,,,,,,,,,,,,
"1666701856,219","1,71",,,,,,,,,,,,,
"1666701856,227","1,72","6,21",,,,,,,,,,,,
"1666701856,23",,,"1,72","1,71",,,,,,,,,,
"1666701856,233",,,,,"1,72",,,,,,,,,
"1666701856,238","1,72",,,,,,,,,,,,,
"1666701856,248","1,72",,,,,,,,,,,,,
"1666701856,259","1,72",,,,,,,,,,,,,
"1666701856,269","1,71",,,,,,,,,,,,,
"1666701856,279","1,71",,,,,,,,,,,,,
"1666701856,287","1,71","6,21",,,,,,,,,,,,
"1666701856,29",,,"1,71","1,71",,,,,,,,,,
"1666701856,293",,,,,"1,72",,,,,,,,,
"1666701856,299","1,71",,,,,,,,,,,,,
"1666701856,309","1,71",,,,,,,,,,,,,
"1666701856,319","1,71",,,,,,,,,,,,,
"1666701856,328","1,71",,,,,,,,,,,,,
"1666701856,338","1,71",,,,,,,,,,,,,
"1666701856,347","1,71","6,21",,,,,,,,,,,,
"1666701856,35",,,"1,71","1,71",,,,,,,,,,
"1666701856,353",,,,,"1,72",,,,,,,,,
"1666701856,358","1,71",,,,,,,,,,,,,
"1666701856,369","1,71",,,,,,,,,,,,,
"1666701856,378","1,72",,,,,,,,,,,,,
"1666701856,388","1,72",,,,,,,,,,,,,
"1666701856,398","1,72",,,,,,,,,,,,,
"1666701856,407","1,72","6,21",,,,,,,,,,,,
"1666701856,41",,,"1,72","1,71",,,,,,,,,,
"1666701856,413",,,,,"1,72",,,,,,,,,
"1666701856,418","1,72",,,,,,,,,,,,,
"1666701856,429","1,72",,,,,,,,,,,,,
"1666701856,439","1,72",,,,,,,,,,,,,
"1666701856,448","1,72",,,,,,,,,,,,,
"1666701856,458","1,72",,,,,,,,,,,,,
"1666701856,467","1,72","6,21",,,,,,,,,,,,
"1666701856,47",,,"1,72","1,72",,,,,,,,,,
"1666701856,473",,,,,"1,72",,,,,,,,,
"1666701856,478","1,72",,,,,,,,,,,,,
"1666701856,488","1,72",,,,,,,,,,,,,
"1666701856,498","1,72",,,,,,,,,,,,,
"1666701856,509","1,72",,,,,,,,,,,,,
"1666701856,519","1,72",,,,,,,,,,,,,
"1666701856,527","1,72",,,,,,,,,,,,"6,22",
"1666701856,53",,,"1,72","1,72",,,,,,,,,,
"1666701856,533",,,,,"1,72",,,,,,,,,
"1666701856,542",,,,,,"4,27",,,,,,,,
"1666701856,549","1,72",,,,,,,,,,,,,
"1666701856,558","1,72",,,,,,,,,,,,,
"1666701856,568","1,72",,,,,,,,,,,,,
"1666701856,578","1,72",,,,,,,,,,,,,
"1666701856,588","1,72",,,,,,,,,,,,,
"1666701856,597","1,72","6,22",,,,,,,,,,,,
"1666701856,6",,,"1,72","1,72",,,,,,,,,,
"1666701856,603",,,,,"1,72",,,,,,,,,
"1666701856,608","1,72",,,,,,,,,,,,,
"1666701856,618","1,72",,,,,,,,,,,,,
"1666701856,628","1,72",,,,,,,,,,,,,
"1666701856,638","1,72",,,,,,,,,,,,,
"1666701856,648","1,72",,,,,,,,,,,,,
"1666701856,657","1,72","6,22",,,,,,,,,,,,
"1666701856,66",,,"1,72","1,72",,,,,,,,,,
"1666701856,663",,,,,"1,72",,,,,,,,,
"1666701856,668","1,72",,,,,,,,,,,,,
"1666701856,679","1,72",,,,,,,,,,,,,
"1666701856,689","1,72",,,,,,,,,,,,,
"1666701856,699","1,72",,,,,,,,,,,,,
"1666701856,708","1,72",,,,,,,,,,,,,
"1666701856,717","1,72","6,22",,,,,,,,,,,,
"1666701856,72",,,"1,72","1,72",,,,,,,,,,
"1666701856,723",,,,,"1,72",,,,,,,,,
"1666701856,728","1,72",,,,,,,,,,,,,
"1666701856,738","1,72",,,,,,,,,,,,,
"1666701856,748","1,72",,,,,,,,,,,,,
"1666701856,759","1,72",,,,,,,,,,,,,
"1666701856,769","1,72",,,,,,,,,,,,,
"1666701856,777","1,72","6,22",,,,,,,,,,,,
"1666701856,78",,,"1,72","1,72",,,,,,,,,,
"1666701856,783",,,,,"1,72",,,,,,,,,
"1666701856,789","1,72",,,,,,,,,,,,,
"1666701856,798","1,72",,,,,,,,,,,,,
"1666701856,808","1,72",,,,,,,,,,,,,
"1666701856,818","1,72",,,,,,,,,,,,,
"1666701856,829","1,72",,,,,,,,,,,,,
"1666701856,837","1,72","6,23",,,,,,,,,,,,
"1666701856,84",,,"1,72","1,72",,,,,,,,,,
"1666701856,843",,,,,"1,72",,,,,,,,,
"1666701856,848","1,72",,,,,,,,,,,,,
"1666701856,858","1,72",,,,,,,,,,,,,
"1666701856,868","1,72",,,,,,,,,,,,,
"1666701856,878","1,72",,,,,,,,,,,,,
"1666701856,888","1,72",,,,,,,,,,,,,
"1666701856,897","1,72","6,23",,,,,,,,,,,,
"1666701856,9",,,"1,72","1,72",,,,,,,,,,
"1666701856,903",,,,,"1,72",,,,,,,,,
"1666701856,908","1,72",,,,,,,,,,,,,
"1666701856,918","1,72",,,,,,,,,,,,,
"1666701856,928","1,72",,,,,,,,,,,,,
"1666701856,938","1,72",,,,,,,,,,,,,
"1666701856,948","1,73",,,,,,,,,,,,,
"1666701856,957","1,73","6,23",,,,,,,,,,,,
"1666701856,96",,,"1,73","1,72",,,,,,,,,,
"1666701856,963",,,,,"1,72",,,,,,,,,
"1666701856,968","1,73",,,,,,,,,,,,,
"1666701856,978","1,73",,,,,,,,,,,,,
"1666701856,988","1,73",,,,,,,,,,,,,
"1666701856,998","1,73",,,,,,,,,,,,,
"1666701857,009","1,73",,,,,,,,,,,,,
"1666701857,017","1,73","6,23",,,,,,,,,,,,
"1666701857,02",,,"1,73","1,73",,,,,,,,,,
"1666701857,023",,,,,"1,72",,,,,,,,,
"1666701857,028","1,73",,,,,,,,,,,,,
"1666701857,038","1,73",,,,,,,,,,,,,
"1666701857,048","1,73",,,,,,,,,,,,,
"1666701857,058","1,73",,,,,,,,,,,,,
"1666701857,068","1,73",,,,,,,,,,,,,
"1666701857,077","1,73","6,23",,,,,,,,,,,,
"1666701857,08",,,"1,73","1,73",,,,,,,,,,
"1666701857,083",,,,,"1,72",,,,,,,,,
"1666701857,088","1,73",,,,,,,,,,,,,
"1666701857,098","1,73",,,,,,,,,,,,,
"1666701857,108","1,73",,,,,,,,,,,,,
"1666701857,118","1,73",,,,,,,,,,,,,
"1666701857,128","1,73",,,,,,,,,,,,,
"1666701857,137","1,73","6,23",,,,,,,,,,,,
"1666701857,14",,,"1,73","1,73",,,,,,,,,,
"1666701857,143",,,,,"1,72",,,,,,,,,
"1666701857,148","1,73",,,,,,,,,,,,,
"1666701857,158","1,73",,,,,,,,,,,,,
"1666701857,168","1,73",,,,,,,,,,,,,
"1666701857,178","1,73",,,,,,,,,,,,,
"1666701857,188","1,73",,,,,,,,,,,,,
"1666701857,197","1,72","6,24",,,,,,,,,,,,
"1666701857,2",,,"1,72","1,73",,,,,,,,,,
"1666701857,203",,,,,"1,72",,,,,,,,,
"1666701857,208","1,72",,,,,,,,,,,,,
"1666701857,218","1,72",,,,,,,,,,,,,
"1666701857,228","1,72",,,,,,,,,,,,,
"1666701857,238","1,72",,,,,,,,,,,,,
"1666701857,248","1,72",,,,,,,,,,,,,
"1666701857,257","1,72","6,24",,,,,,,,,,,,
"1666701857,26",,,"1,72","1,72",,,,,,,,,,
"1666701857,263",,,,,"1,72",,,,,,,,,
"1666701857,268","1,72",,,,,,,,,,,,,
"1666701857,278","1,72",,,,,,,,,,,,,
"1666701857,288","1,72",,,,,,,,,,,,,
"1666701857,298","1,72",,,,,,,,,,,,,
"1666701857,308","1,72",,,,,,,,,,,,,
"1666701857,317","1,72","6,24",,,,,,,,,,,,
"1666701857,32",,,"1,72","1,72",,,,,,,,,,
"1666701857,323",,,,,"1,72",,,,,,,,,
"1666701857,328","1,72",,,,,,,,,,,,,
"1666701857,338","1,72",,,,,,,,,,,,,
"1666701857,348","1,72",,,,,,,,,,,,,
"1666701857,358","1,72",,,,,,,,,,,,,
"1666701857,368","1,72",,,,,,,,,,,,,
"1666701857,377","1,72","6,24",,,,,,,,,,,,
"1666701857,38",,,"1,72","1,72",,,,,,,,,,
"1666701857,383",,,,,"1,72",,,,,,,,,
"1666701857,388","1,72",,,,,,,,,,,,,
"1666701857,398","1,72",,,,,,,,,,,,,
"1666701857,408","1,72",,,,,,,,,,,,,
"1666701857,418","1,72",,,,,,,,,,,,,
"1666701857,428","1,72",,,,,,,,,,,,,
"1666701857,437","1,72","6,24",,,,,,,,,,,,
"1666701857,44",,,"1,72","1,72",,,,,,,,,,
"1666701857,443",,,,,"1,72",,,,,,,,,
"1666701857,448","1,72",,,,,,,,,,,,,
"1666701857,458","1,72",,,,,,,,,,,,,
"1666701857,468","1,72",,,,,,,,,,,,,
"1666701857,478","1,73",,,,,,,,,,,,,
"1666701857,488","1,73",,,,,,,,,,,,,
"1666701857,497","1,72","6,24",,,,,,,,,,,,
"1666701857,499",,,"1,72","1,72",,,,,,,,,,
"1666701857,503",,,,,"1,72",,,,,,,,,
"1666701857,508","1,72",,,,,,,,,,,,,
"1666701857,518","1,72",,,,,,,,,,,,,
"1666701857,528","1,72",,,,,,,,,,,,,
"1666701857,538","1,72",,,,,,,,,,,,,
"1666701857,548","1,72",,,,,,,,,,,,,
"1666701857,557","1,72","6,24",,,,,,,,,,,,
"1666701857,559",,,"1,72",,,,,,,,,,,
"1666701857,56",,,,"1,72",,,,,,,,,,
"1666701857,563",,,,,"1,72",,,,,,,,,
"1666701857,568","1,72",,,,,,,,,,,,,
"1666701857,578","1,72",,,,,,,,,,,,,
"1666701857,588","1,72",,,,,,,,,,,,,
"1666701857,598","1,72",,,,,,,,,,,,,
"1666701857,608","1,72",,,,,,,,,,,,,
"1666701857,617","1,72","6,25",,,,,,,,,,,,
"1666701857,62",,,"1,72","1,72",,,,,,,,,,
"1666701857,623",,,,,"1,72",,,,,,,,,
"1666701857,628","1,72",,,,,,,,,,,,,
"1666701857,638","1,72",,,,,,,,,,,,,
"1666701857,648","1,72",,,,,,,,,,,,,
"1666701857,658","1,72",,,,,,,,,,,,,
"1666701857,668","1,72",,,,,,,,,,,,,
"1666701857,677","1,72","6,25",,,,,,,,,,,,
"1666701857,679",,,"1,72","1,72",,,,,,,,,,
"1666701857,683",,,,,"1,72",,,,,,,,,
"1666701857,691",,,,,,"4,32",,,,,,,,
"1666701857,698","1,72",,,,,,,,,,,,,
"1666701857,708","1,72",,,,,,,,,,,,,
"1666701857,718","1,72",,,,,,,,,,,,,
"1666701857,728","1,72",,,,,,,,,,,,,
"1666701857,738","1,72",,,,,,,,,,,,,
"1666701857,747","1,72","6,25",,,,,,,,,,,,
"1666701857,749",,,"1,72","1,72",,,,,,,,,,
"1666701857,753",,,,,"1,72",,,,,,,,,
"1666701857,758","1,72",,,,,,,,,,,,,
"1666701857,768","1,72",,,,,,,,,,,,,
"1666701857,778","1,72",,,,,,,,,,,,,
"1666701857,788","1,72",,,,,,,,,,,,,
"1666701857,798","1,72",,,,,,,,,,,,,
"1666701857,807","1,72","6,25",,,,,,,,,,,,
"1666701857,809",,,"1,72","1,72",,,,,,,,,,
"1666701857,813",,,,,"1,72",,,,,,,,,
"1666701857,818","1,72",,,,,,,,,,,,,
"1666701857,828","1,72",,,,,,,,,,,,,
"1666701857,838","1,72",,,,,,,,,,,,,
"1666701857,848","1,72",,,,,,,,,,,,,
"1666701857,858","1,72",,,,,,,,,,,,,
"1666701857,867","1,72","6,25",,,,,,,,,,,,
"1666701857,869",,,"1,72","1,72",,,,,,,,,,
"1666701857,873",,,,,"1,72",,,,,,,,,
"1666701857,878","1,72",,,,,,,,,,,,,
"1666701857,888","1,72",,,,,,,,,,,,,
"1666701857,898","1,72",,,,,,,,,,,,,
"1666701857,908","1,73",,,,,,,,,,,,,
"1666701857,918","1,73",,,,,,,,,,,,,
"1666701857,927","1,73","6,25",,,,,,,,,,,,
"1666701857,929",,,"1,73","1,73",,,,,,,,,,
"1666701857,933",,,,,"1,72",,,,,,,,,
"1666701857,938","1,73",,,,,,,,,,,,,
"1666701857,948","1,73",,,,,,,,,,,,,
"1666701857,958","1,73",,,,,,,,,,,,,
"1666701857,968","1,73",,,,,,,,,,,,,
"1666701857,978","1,73",,,,,,,,,,,,,
"1666701857,987","1,73","6,25",,,,,,,,,,,,
"1666701857,989",,,"1,73","1,73",,,,,,,,,,
"1666701857,993",,,,,"1,72",,,,,,,,,
"1666701857,998","1,72",,,,,,,,,,,,,
"1666701858,008","1,72",,,,,,,,,,,,,
"1666701858,018","1,72",,,,,,,,,,,,,
"1666701858,028","1,73",,,,,,,,,,,,,
"1666701858,037","1,73",,,,,,,,,,,,,
"1666701858,047","1,73","6,25",,,,,,,,,,,,
"1666701858,049",,,"1,73","1,73",,,,,,,,,,
"1666701858,053",,,,,"1,72",,,,,,,,,
"1666701858,057","1,73",,,,,,,,,,,,,
"1666701858,068","1,73",,,,,,,,,,,,,
"1666701858,078","1,73",,,,,,,,,,,,,
"1666701858,088","1,73",,,,,,,,,,,,,
"1666701858,098","1,73",,,,,,,,,,,,,
"1666701858,106","1,72",,,,,,,,,,,,,
"1666701858,107",,"6,25",,,,,,,,,,,,
"1666701858,109",,,"1,72","1,73",,,,,,,,,,
"1666701858,113",,,,,"1,72",,,,,,,,,
"1666701858,118","1,72",,,,,,,,,,,,,
"1666701858,128","1,73",,,,,,,,,,,,,
"1666701858,137","1,73",,,,,,,,,,,,,
"1666701858,148","1,72",,,,,,,,,,,,,
"1666701858,157","1,73",,,,,,,,,,,,,
"1666701858,166","1,73",,,,,,,,,,,,,
"1666701858,167",,"6,25",,,,,,,,,,,,
"1666701858,169",,,"1,73","1,73",,,,,,,,,,
"1666701858,173",,,,,"1,72",,,,,,,,,
"1666701858,177","1,73",,,,,,,,,,,,,
"1666701858,188","1,73",,,,,,,,,,,,,
"1666701858,198","1,73",,,,,,,,,,,,,
"1666701858,208","1,73",,,,,,,,,,,,,
"1666701858,217","1,73",,,,,,,,,,,,,
"1666701858,227","1,73","6,26",,,,,,,,,,,,
"1666701858,229",,,"1,73","1,73",,,,,,,,,,
"1666701858,233",,,,,"1,72",,,,,,,,,
"1666701858,237","1,73",,,,,,,,,,,,,
"1666701858,248","1,73",,,,,,,,,,,,,
"1666701858,257","1,73",,,,,,,,,,,,,
"1666701858,268","1,73",,,,,,,,,,,,,
"1666701858,278","1,73",,,,,,,,,,,,,
"1666701858,286","1,73","6,26",,,,,,,,,,,,
"1666701858,289",,,"1,73","1,73",,,,,,,,,,
"1666701858,292",,,,,"1,72",,,,,,,,,
"1666701858,298","1,73",,,,,,,,,,,,,
"1666701858,307","1,73",,,,,,,,,,,,,
"1666701858,318","1,73",,,,,,,,,,,,,
"1666701858,328","1,73",,,,,,,,,,,,,
"1666701858,337","1,73",,,,,,,,,,,,,
"1666701858,346","1,73","6,26",,,,,,,,,,,,
"1666701858,349",,,"1,73","1,73",,,,,,,,,,
"1666701858,353",,,,,"1,72",,,,,,,,,
"1666701858,358","1,73",,,,,,,,,,,,,
"1666701858,368","1,73",,,,,,,,,,,,,
"1666701858,378","1,73",,,,,,,,,,,,,
"1666701858,388","1,73",,,,,,,,,,,,,
"1666701858,398","1,73",,,,,,,,,,,,,
"1666701858,406","1,73","6,26",,,,,,,,,,,,
"1666701858,409",,,"1,73","1,73",,,,,,,,,,
"1666701858,412",,,,,"1,72",,,,,,,,,
"1666701858,418","1,73",,,,,,,,,,,,,
"1666701858,427","1,73",,,,,,,,,,,,,
"1666701858,437","1,73",,,,,,,,,,,,,
"1666701858,447","1,73",,,,,,,,,,,,,
"1666701858,457","1,73",,,,,,,,,,,,,
"1666701858,466","1,73","6,26",,,,,,,,,,,,
"1666701858,469",,,"1,73","1,73",,,,,,,,,,
"1666701858,472",,,,,"1,72",,,,,,,,,
"1666701858,477","1,73",,,,,,,,,,,,,
"1666701858,488","1,73",,,,,,,,,,,,,
"1666701858,497","1,73",,,,,,,,,,,,,
"1666701858,507","1,73",,,,,,,,,,,,,
"1666701858,517","1,73",,,,,,,,,,,,,
"1666701858,526","1,73","6,26",,,,,,,,,,,,
"1666701858,529",,,"1,73","1,73",,,,,,,,,,
"1666701858,532",,,,,"1,72",,,,,,,,,
"1666701858,537","1,73",,,,,,,,,,,,,
"1666701858,547","1,73",,,,,,,,,,,,,
"1666701858,558","1,73",,,,,,,,,,,,,
"1666701858,568","1,73",,,,,,,,,,,,,
"1666701858,577","1,73",,,,,,,,,,,,,
"1666701858,586","1,73","6,26",,,,,,,,,,,,
"1666701858,589",,,"1,73","1,73",,,,,,,,,,
"1666701858,592",,,,,"1,72",,,,,,,,,
"1666701858,597","1,73",,,,,,,,,,,,,
"1666701858,607","1,73",,,,,,,,,,,,,
"1666701858,618","1,73",,,,,,,,,,,,,
"1666701858,627","1,73",,,,,,,,,,,,,
"1666701858,637","1,73",,,,,,,,,,,,,
"1666701858,646","1,73","6,26",,,,,,,,,,,,
"1666701858,649",,,"1,73","1,73",,,,,,,,,,
"1666701858,652",,,,,"1,72",,,,,,,,,
"1666701858,657","1,73",,,,,,,,,,,,,
"1666701858,668","1,73",,,,,,,,,,,,,
"1666701858,677","1,73",,,,,,,,,,,,,
"1666701858,688","1,73",,,,,,,,,,,,,
"1666701858,698","1,73",,,,,,,,,,,,,
"1666701858,706","1,73","6,26",,,,,,,,,,,,
"1666701858,709",,,"1,73","1,73",,,,,,,,,,
"1666701858,713",,,,,"1,72",,,,,,,,,
"1666701858,717","1,73",,,,,,,,,,,,,
"1666701858,727","1,73",,,,,,,,,,,,,
"1666701858,737","1,73",,,,,,,,,,,,,
"1666701858,747","1,73",,,,,,,,,,,,,
"1666701858,757","1,73",,,,,,,,,,,,,
"1666701858,766","1,73","6,26",,,,,,,,,,,,
"1666701858,769",,,"1,73","1,73",,,,,,,,,,
"1666701858,772",,,,,"1,72",,,,,,,,,
"1666701858,777","1,73",,,,,,,,,,,,,
"1666701858,787","1,73",,,,,,,,,,,,,
"1666701858,798","1,73",,,,,,,,,,,,,
"1666701858,807","1,73",,,,,,,,,,,,,
"1666701858,818","1,73",,,,,,,,,,,,,
"1666701858,826","1,73","6,26",,,,,,,,,,,,
"1666701858,829",,,"1,73","1,73",,,,,,,,,,
"1666701858,832",,,,,"1,72",,,,,,,,,
"1666701858,837","1,73",,,,,,,,,,,,,
"1666701858,847","1,73",,,,,,,,,,,,,
"1666701858,857","1,73",,,,,,,,,,,,,
"1666701858,867","1,73",,,,,,,,,,,,,
"1666701858,877","1,73",,,,,,,,,,,,,
"1666701858,886","1,73","6,26",,,,,,,,,,,,
"1666701858,889",,,"1,73","1,73",,,,,,,,,,
"1666701858,892",,,,,"1,72",,,,,,,,,
"1666701858,897","1,73",,,,,,,,,,,,,
"1666701858,908","1,73",,,,,,,,,,,,,
"1666701858,917","1,73",,,,,,,,,,,,,
"1666701858,927","1,73",,,,,,,,,,,,,
"1666701858,937","1,73",,,,,,,,,,,,,
"1666701858,946","1,73",,,,,,,,,,,,,
"1666701858,947",,"6,26",,,,,,,,,,,,
"1666701858,949",,,"1,73","1,73",,,,,,,,,,
"1666701858,953",,,,,"1,72",,,,,,,,,
"1666701858,957","1,7",,,,,,,,,,,,,
"1666701858,967","1,73",,,,,,,,,,,,,
"1666701858,977","1,73",,,,,,,,,,,,,
"1666701858,987","1,73",,,,,,,,,,,,,
"1666701858,997","1,73",,,,,,,,,,,,,
"1666701859,006","1,73","6,26",,,,,,,,,,,,
"1666701859,009",,,"1,73","1,73",,,,,,,,,,
"1666701859,012",,,,,"1,72",,,,,,,,,
"1666701859,017","173",,,,,,,,,,,,,
"1666701859,027","1,73",,,,,,,,,,,,,
"1666701859,037","1,73",,,,,,,,,,,,,
"1666701859,047","1,73",,,,,,,,,,,,,
"1666701859,057","1,73",,,,,,,,,,,,,
"1666701859,066","1,73",,,,,,,,,,,,,
"1666701859,069",,,"1,73","1,73",,,,,,,,,,
"1666701859,072",,,,,"1,73",,,,,,,,,
"1666701859,077","1,73",,,,,,,,,,,,,
"1666701859,087","1,73",,,,,,,,,,,,,
"1666701859,098","1,73",,,,,,,,,,,,,
"1666701859,107","1,73",,,,,,,,,,,,,
"1666701859,117","1,73",,,,,,,,,,,,,
"1666701859,126","1,73","6,27",,,,,,,,,,,,
"1666701859,129",,,"1,73","1,73",,,,,,,,,,
"1666701859,132",,,,,"1,73",,,,,,,,,
"1666701859,137","1,73",,,,,,,,,,,,,
"1666701859,147","1,73",,,,,,,,,,,,,
"1666701859,157","1,73",,,,,,,,,,,,,
"1666701859,167","1,7",,,,,,,,,,,,,
"1666701859,177","1,73",,,,,,,,,,,,,
"1666701859,186","1,73","6,27",,,,,,,,,,,,
"1666701859,189",,,"1,73","1,73",,,,,,,,,,
"1666701859,192",,,,,"1,73",,,,,,,,,
"1666701859,197","1,73",,,,,,,,,,,,,
"1666701859,207","1,73",,,,,,,,,,,,,
"1666701859,217","173",,,,,,,,,,,,,
"1666701859,227","1,73",,,,,,,,,,,,,
"1666701859,237","1,73",,,,,,,,,,,,,
"1666701859,246","1,73","6,27",,,,,,,,,,,,
"1666701859,249",,,"1,73","1,73",,,,,,,,,,
"1666701859,252",,,,,"1,73",,,,,,,,,
"1666701859,257","1,73",,,,,,,,,,,,,
"1666701859,267","1,73",,,,,,,,,,,,,
"1666701859,277","1,73",,,,,,,,,,,,,
"1666701859,287","1,73",,,,,,,,,,,,,
"1666701859,297","1,73",,,,,,,,,,,,,
"1666701859,306","1,74","6,27",,,,,,,,,,,,
"1666701859,309",,,"1,74","1,73",,,,,,,,,,
"1666701859,312",,,,,"1,73",,,,,,,,,
"1666701859,317","1,74",,,,,,,,,,,,,
"1666701859,327","1,73",,,,,,,,,,,,,
"1666701859,337","1,73",,,,,,,,,,,,,
"1666701859,347","1,73",,,,,,,,,,,,,
"1666701859,357","1,73",,,,,,,,,,,,,
"1666701859,366","1,73","6,27",,,,,,,,,,,,
"1666701859,369",,,"1,73","1,73",,,,,,,,,,
"1666701859,372",,,,,"1,73",,,,,,,,,
"1666701859,377","1,73",,,,,,,,,,,,,
"1666701859,387","1,73",,,,,,,,,,,,,
"1666701859,397","1,73",,,,,,,,,,,,,
"1666701859,407","1,73",,,,,,,,,,,,,
"1666701859,417","1,73",,,,,,,,,,,,,
"1666701859,426","1,73","6,27",,,,,,,,,,,,
"1666701859,428",,,"1,73","1,73",,,,,,,,,,
"1666701859,432",,,,,"1,73",,,,,,,,,
"1666701859,437","1,73",,,,,,,,,,,,,
"1666701859,447","1,73",,,,,,,,,,,,,
"1666701859,457","1,73",,,,,,,,,,,,,
"1666701859,467","1,73",,,,,,,,,,,,,
"1666701859,477","1,73",,,,,,,,,,,,,
"1666701859,486","1,73","6,27",,,,,,,,,,,,
"1666701859,489",,,"1,73","1,73",,,,,,,,,,
"1666701859,492",,,,,"1,73",,,,,,,,,
"1666701859,497","1,73",,,,,,,,,,,,,
"1666701859,507","1,73",,,,,,,,,,,,,
"1666701859,517","1,73",,,,,,,,,,,,,
"1666701859,527","1,73",,,,,,,,,,,,,
"1666701859,537","1,73",,,,,,,,,,,,,
"1666701859,546","1,73","6,27",,,,,,,,,,,,
"1666701859,549",,,"1,73","1,73",,,,,,,,,,
"1666701859,552",,,,,"1,73",,,,,,,,,
"1666701859,557","1,73",,,,,,,,,,,,,
"1666701859,567","1,73",,,,,,,,,,,,,
"1666701859,577","1,73",,,,,,,,,,,,,
"1666701859,587","1,73",,,,,,,,,,,,,
"1666701859,597","1,73",,,,,,,,,,,,,
"1666701859,606","1,73","6,27",,,,,,,,,,,,
"1666701859,608",,,"1,73","1,73",,,,,,,,,,
"1666701859,612",,,,,"1,73",,,,,,,,,
"1666701859,617","1,73",,,,,,,,,,,,,
"1666701859,627","1,73",,,,,,,,,,,,,
"1666701859,637","1,73",,,,,,,,,,,,,
"1666701859,647","1,73",,,,,,,,,,,,,
"1666701859,657","1,73",,,,,,,,,,,,,
"1666701859,666","1,73","6,27",,,,,,,,,,,,
"1666701859,668",,,"1,73","1,73",,,,,,,,,,
"1666701859,672",,,,,"1,73",,,,,,,,,
"1666701859,677","1,73",,,,,,,,,,,,,
"1666701859,687","1,73",,,,,,,,,,,,,
"1666701859,697","1,73",,,,,,,,,,,,,
"1666701859,707","1,73",,,,,,,,,,,,,
"1666701859,717","1,73",,,,,,,,,,,,,
"1666701859,726","1,73","6,27",,,,,,,,,,,,
"1666701859,729",,,"1,73","1,73",,,,,,,,,,
"1666701859,732",,,,,"1,73",,,,,,,,,
"1666701859,737","1,73",,,,,,,,,,,,,
"1666701859,747","1,73",,,,,,,,,,,,,
"1666701859,757","1,73",,,,,,,,,,,,,
"1666701859,767","1,73",,,,,,,,,,,,,
"1666701859,777","1,74",,,,,,,,,,,,,
"1666701859,786","1,74","6,27",,,,,,,,,,,,
"1666701859,789",,,"1,74","1,73",,,,,,,,,,
"1666701859,792",,,,,"1,73",,,,,,,,,
"1666701859,797","1,74",,,,,,,,,,,,,
"1666701859,807","1,74",,,,,,,,,,,,,
"1666701859,817","1,74",,,,,,,,,,,,,
"1666701859,827","1,74",,,,,,,,,,,,,
"1666701859,837","1,73",,,,,,,,,,,,,
"1666701859,846","1,74","6,27",,,,,,,,,,,,
"1666701859,848",,,"1,74","1,73",,,,,,,,,,
"1666701859,852",,,,,"1,73",,,,,,,,,
"1666701859,859",,,,,,"4,37",,,,,,,,
"1666701859,867","1,74",,,,,,,,,,,,,
"1666701859,877","1,74",,,,,,,,,,,,,
"1666701859,887","1,74",,,,,,,,,,,,,
"1666701859,897","1,74",,,,,,,,,,,,,
"1666701859,907","1,74",,,,,,,,,,,,,
"1666701859,916","1,74","0,27",,,,,,,,,,,,
"1666701859,918",,,"1,74",,,,,,,,,,,
"1666701859,919",,,,"1,73",,,,,,,,,,
"1666701859,922",,,,,"1,73",,,,,,,,,
"1666701859,927","1,74",,,,,,,,,,,,,
"1666701859,937","1,74",,,,,,,,,,,,,
"1666701859,947","1,74",,,,,,,,,,,,,
"1666701859,957","1,74",,,,,,,,,,,,,
"1666701859,967","1,74",,,,,,,,,,,,,
"1666701859,976","1,74","6,27",,,,,,,,,,,,
"1666701859,979",,,"1,74","1,73",,,,,,,,,,
"1666701859,982",,,,,"1,73",,,,,,,,,
"1666701859,987","1,74",,,,,,,,,,,,,
"1666701859,997","1,74",,,,,,,,,,,,,
"1666701860,007","1,74",,,,,,,,,,,,,
"1666701860,017","1,74",,,,,,,,,,,,,
"1666701860,027","1,73",,,,,,,,,,,,,
"1666701860,036","1,74","6,27",,,,,,,,,,,,
"1666701860,038",,,"1,74","1,73",,,,,,,,,,
"1666701860,042",,,,,"1,73",,,,,,,,,
"1666701860,047","1,74",,,,,,,,,,,,,
"1666701860,057","1,73",,,,,,,,,,,,,
"1666701860,067","1,73",,,,,,,,,,,,,
"1666701860,077","1,74",,,,,,,,,,,,,
"1666701860,087","1,74",,,,,,,,,,,,,
"1666701860,096","1,74","6,27",,,,,,,,,,,,
"1666701860,098",,,"1,74","1,73",,,,,,,,,,
"1666701860,102",,,,,"1,73",,,,,,,,,
"1666701860,107","1,74",,,,,,,,,,,,,
"1666701860,117","1,74",,,,,,,,,,,,,
"1666701860,127","1,74",,,,,,,,,,,,,
"1666701860,137","1,74",,,,,,,,,,,,,
"1666701860,147","1,74",,,,,,,,,,,,,
"1666701860,156","1,74","6,27",,,,,,,,,,,,
"1666701860,159",,,"1,74","1,74",,,,,,,,,,
"1666701860,162",,,,,"1,73",,,,,,,,,
"1666701860,167","1,74",,,,,,,,,,,,,
"1666701860,177","1,74",,,,,,,,,,,,,
"1666701860,187","1,73",,,,,,,,,,,,,
"1666701860,197","1,73",,,,,,,,,,,,,
"1666701860,207","1,73",,,,,,,,,,,,,
"1666701860,216","1,73","6,27",,,,,,,,,,,,
"1666701860,218",,,"1,73","1,73",,,,,,,,,,
"1666701860,222",,,,,"1,73",,,,,,,,,
"1666701860,227","1,73",,,,,,,,,,,,,
"1666701860,237","1,74",,,,,,,,,,,,,
"1666701860,247","1,74",,,,,,,,,,,,,
"1666701860,257","1,74",,,,,,,,,,,,,
"1666701860,267","1,74",,,,,,,,,,,,,
"1666701860,276","1,74","6,27",,,,,,,,,,,,
"1666701860,278",,,"1,74","1,73",,,,,,,,,,
"1666701860,282",,,,,"1,73",,,,,,,,,
"1666701860,287","1,74",,,,,,,,,,,,,
"1666701860,297","1,74",,,,,,,,,,,,,
"1666701860,307","1,74",,,,,,,,,,,,,
"1666701860,317","1,74",,,,,,,,,,,,,
"1666701860,327","1,74",,,,,,,,,,,,,
"1666701860,336","1,74","6,27",,,,,,,,,,,,
"1666701860,338",,,"1,74","1,74",,,,,,,,,,
"1666701860,342",,,,,"1,73",,,,,,,,,
"1666701860,346","1,74",,,,,,,,,,,,,
"1666701860,357","1,74",,,,,,,,,,,,,
"1666701860,367","1,74",,,,,,,,,,,,,
"1666701860,377","1,74",,,,,,,,,,,,,
"1666701860,387","1,74",,,,,,,,,,,,,
"1666701860,395","1,74","6,27",,,,,,,,,,,,
"1666701860,398",,,"1,74","1,74",,,,,,,,,,
"1666701860,401",,,,,"1,73",,,,,,,,,
"1666701860,406","1,74",,,,,,,,,,,,,
"1666701860,417","1,74",,,,,,,,,,,,,
"1666701860,427","1,74",,,,,,,,,,,,,
"1666701860,437","1,74",,,,,,,,,,,,,
"1666701860,447","1,74",,,,,,,,,,,,,
"1666701860,456","1,74","6,27",,,,,,,,,,,,
"1666701860,458",,,"1,74","1,74",,,,,,,,,,
"1666701860,461",,,,,"1,73",,,,,,,,,
"1666701860,467","1,74",,,,,,,,,,,,,
"1666701860,477","1,74",,,,,,,,,,,,,
"1666701860,487","1,74",,,,,,,,,,,,,
"1666701860,496","1,74",,,,,,,,,,,,,
"1666701860,507","1,74",,,,,,,,,,,,,
"1666701860,515","1,74","6,27",,,,,,,,,,,,
"1666701860,518",,,"1,74","1,74",,,,,,,,,,
"1666701860,521",,,,,"1,73",,,,,,,,,
"1666701860,527","1,74",,,,,,,,,,,,,
"1666701860,536","1,74",,,,,,,,,,,,,
"1666701860,547","1,74",,,,,,,,,,,,,
"1666701860,557","1,74",,,,,,,,,,,,,
"1666701860,567","1,74",,,,,,,,,,,,,
"1666701860,575","1,74","6,27",,,,,,,,,,,,
"1666701860,578",,,"1,74","1,74",,,,,,,,,,
"1666701860,581",,,,,"1,73",,,,,,,,,
"1666701860,586","1,73",,,,,,,,,,,,,
"1666701860,596","1,73",,,,,,,,,,,,,
"1666701860,607","1,73",,,,,,,,,,,,,
